PacketCounter,Acc_X,Acc_Y,Acc_Z,Gyr_X,Gyr_Y,Gyr_Z,Roll,Pitch,Yaw
5758,9.643609,1.234271,-1.748012,-0.003487,-0.000844,0.014152,152.787203,-78.353425,-161.150719
5759,9.645057,0.995826,-1.756395,-0.015039,-0.00257,0.028449,152.85233,-78.35862,-161.227978
5760,9.655126,0.917414,-1.67451,-0.018052,0.004995,0.029395,152.909104,-78.367912,-161.296865
5761,9.725329,0.830174,-1.760934,0.010069,0.010471,0.022943,152.958223,-78.378258,-161.342292
5762,9.755332,0.741336,-1.966819,0.055825,0.026891,0.027197,153.024376,-78.398128,-161.377535
5763,9.690937,1.137785,-2.030061,0.074539,0.03784,0.021478,153.073775,-78.421365,-161.387569
5764,9.671947,1.33803,-1.843423,0.029736,0.045432,0.010079,153.059009,-78.446255,-161.355469
5765,9.773591,1.271882,-1.61868,0.001353,0.063567,0.008233,152.999322,-78.480116,-161.295646
5766,10.049602,1.280366,-1.459747,-0.057426,0.090617,0.00176,152.85533,-78.525873,-161.182644
5767,10.172767,0.969077,-1.526436,-0.035163,0.109535,0.001231,152.69508,-78.581508,-161.039417
5768,10.054302,1.072388,-1.362044,-0.02717,0.113548,-0.006794,152.514481,-78.636548,-160.871433
5769,9.938135,1.024662,-1.38984,-0.005045,0.125278,-0.023842,152.285122,-78.69249,-160.641605
5770,9.922072,1.526082,-1.197587,0.067522,0.139052,-0.061019,151.982934,-78.745652,-160.294378
5771,9.922961,2.173648,-1.101912,0.13893,0.160276,-0.121776,151.533129,-78.793082,-159.755554
5772,9.791189,3.409444,-0.863832,0.271261,0.204762,-0.21254,150.863879,-78.836295,-158.91528
5773,9.441559,3.95849,-0.912072,0.291581,0.257795,-0.33164,149.820285,-78.869732,-157.681232
5774,8.95266,4.213835,-0.985467,0.417493,0.280644,-0.439571,148.541786,-78.877874,-156.134821
5775,8.93413,3.981382,-1.143178,0.472903,0.300716,-0.5246,147.050073,-78.86278,-154.337931
5776,9.115344,3.542238,-1.359792,0.540168,0.3056,-0.584711,145.455271,-78.821352,-152.397316
5777,9.223321,3.175617,-1.339701,0.594739,0.298994,-0.63565,143.794313,-78.74957,-150.356982
5778,9.310284,2.382487,-1.809285,0.555909,0.266121,-0.678284,142.103504,-78.636202,-148.30826
5779,9.215663,2.305039,-1.81012,0.48855,0.240507,-0.701399,140.40453,-78.491002,-146.289837
5780,9.286053,2.210876,-1.817605,0.284153,0.230364,-0.710527,138.641457,-78.326251,-144.324235
5781,9.043516,1.799102,-1.750229,0.24417,0.24907,-0.69351,136.902838,-78.163545,-142.405058
5782,8.880392,1.784252,-1.468491,0.256521,0.189628,-0.684826,135.356919,-77.96909,-140.675141
5783,9.022646,1.454949,-1.506918,0.126638,0.138784,-0.658312,133.930506,-77.755336,-139.14169
5784,9.194535,0.791981,-1.35985,0.015243,0.117932,-0.611775,132.618996,-77.545626,-137.790545
5785,9.532256,0.238467,-1.297321,-0.002707,0.087569,-0.562924,131.477038,-77.338631,-136.622279
5786,9.860207,-0.196495,-1.413128,0.058827,0.069275,-0.507562,130.537758,-77.144426,-135.625031
5787,9.910083,0.441597,-1.308949,0.122043,0.041976,-0.48558,129.748238,-76.945089,-134.743272
5788,10.019056,0.870468,-1.459314,0.137931,0.021767,-0.473362,129.051574,-76.742649,-133.94704
5789,9.756424,1.28852,-1.319744,0.167364,0.030702,-0.468812,128.382059,-76.542338,-133.160865
5790,9.613494,1.831036,-1.258122,0.19201,0.021464,-0.491318,127.73474,-76.327503,-132.382168
5791,9.574194,2.101771,-1.340862,0.234872,0.039147,-0.507804,127.071901,-76.108671,-131.558129
5792,9.306064,2.825273,-1.333206,0.372688,0.059177,-0.54412,126.430742,-75.878412,-130.677615
5793,9.103721,3.446728,-1.335966,0.351792,0.068356,-0.596364,125.712683,-75.623693,-129.726902
5794,8.959498,3.500867,-1.469127,0.342462,0.07494,-0.642338,124.953438,-75.34754,-128.740313
5795,8.810802,3.376142,-1.428034,0.35223,0.085716,-0.676489,124.170127,-75.054893,-127.723802
5796,8.841229,3.197704,-1.50167,0.293245,0.070347,-0.701494,123.387833,-74.742499,-126.739874
5797,8.92847,2.787455,-1.641725,0.266024,0.079531,-0.713775,122.594412,-74.422927,-125.761313
5798,9.019065,2.491586,-1.787318,0.196396,0.06263,-0.732259,121.808188,-74.086323,-124.827899
5799,9.297718,1.924581,-1.801903,0.202221,0.066082,-0.71337,121.072651,-73.75597,-123.944484
5800,9.579629,1.200497,-2.109281,0.177374,0.061495,-0.679233,120.397635,-73.43878,-123.135268
5801,9.586594,0.725221,-2.052789,0.121903,0.060292,-0.643875,119.752738,-73.135507,-122.391527
5802,9.579777,0.676836,-2.086761,0.146224,0.043664,-0.599019,119.214954,-72.848384,-121.741912
5803,9.648309,0.211084,-1.986518,0.093802,0.050386,-0.539255,118.707375,-72.590774,-121.156318
5804,9.408525,0.121623,-1.804989,0.014848,0.040113,-0.494241,118.226404,-72.352132,-120.643382
5805,9.555899,-0.428651,-1.701897,-0.006866,0.037104,-0.405043,117.824142,-72.156117,-120.227073
5806,9.902137,-0.880728,-1.597073,-0.048358,0.042035,-0.319888,117.469281,-72.004291,-119.883617
5807,10.426806,-1.459062,-1.288965,-0.079322,0.058223,-0.216094,117.159772,-71.908602,-119.607344
5808,11.407904,-1.168088,-1.253883,0.040211,0.085553,-0.125281,116.951346,-71.866335,-119.364191
5809,11.252319,2.208244,-1.578574,0.225574,0.093859,-0.119645,116.841383,-71.828736,-119.113289
5810,9.982948,4.369116,-1.855186,0.083837,0.119279,-0.17443,116.568954,-71.769536,-118.776326
5811,8.378719,3.488102,-2.033339,-0.032935,0.159897,-0.189611,116.156728,-71.712084,-118.36297
5812,7.681809,2.236066,-1.872227,-0.09893,0.0918,-0.225656,115.78832,-71.618261,-118.034954
5813,8.962347,0.231288,-1.960375,-0.040689,0.143284,-0.229763,115.373764,-71.534162,-117.623489
5814,9.143827,0.002894,-1.388916,-0.144541,0.064283,-0.238698,115.019475,-71.425476,-117.33757
5815,10.350704,0.65745,-1.272522,-0.185169,0.064028,-0.254739,114.63477,-71.307728,-117.044108
5816,10.526161,2.139465,-1.41729,-0.179095,0.069458,-0.278915,114.232629,-71.17809,-116.728162
5817,9.678965,3.461231,-0.994098,-0.175482,0.112633,-0.306075,113.75305,-71.043505,-116.322045
5818,8.301512,3.116,-0.90564,-0.131746,0.153913,-0.316839,113.234889,-70.911581,-115.854181
5819,7.773853,1.369179,-1.647643,0.072957,0.120922,-0.318234,112.889553,-70.770363,-115.443041
5820,8.026767,0.47017,-2.399452,0.336729,0.069527,-0.304313,112.786245,-70.62455,-115.12954
5821,9.242017,1.99144,-2.558485,0.433083,0.017488,-0.315737,112.811827,-70.461138,-114.891969
5822,10.193598,3.343205,-1.804181,0.171302,0.051705,-0.324841,112.633399,-70.300324,-114.598729
5823,10.182089,3.74793,-0.706188,-0.198792,0.103019,-0.362459,112.149968,-70.130284,-114.204693
5824,10.067049,3.474809,-0.203592,-0.381532,0.120759,-0.387297,111.528981,-69.949473,-113.776977
5825,9.51429,3.898272,-0.242337,-0.258662,0.092124,-0.403844,111.019851,-69.752515,-113.391095
5826,9.107379,4.581502,-0.007333,-0.163535,0.054341,-0.414937,110.621645,-69.540808,-113.066695
5827,8.344838,3.299172,-0.227241,-0.057881,0.043246,-0.427056,110.300528,-69.319694,-112.757673
5828,8.803719,3.88572,-0.692689,0.059291,-0.042297,-0.41056,110.181771,-69.090054,-112.594687
5829,9.386106,4.117659,-1.0534,0.031894,-0.030116,-0.394369,110.0418,-68.871415,-112.424261
5830,9.368777,3.753861,-1.37682,0.02,0.004436,-0.376122,109.859485,-68.669168,-112.216765
5831,9.482683,3.661692,-1.238266,0.011014,0.031305,-0.366995,109.643362,-68.476751,-111.976534
5832,9.55867,3.518984,-1.244926,-0.010289,0.063528,-0.357621,109.379777,-68.295234,-111.699743
5833,9.407128,3.319562,-1.264867,-0.042284,0.075724,-0.363216,109.083311,-68.112469,-111.405224
5834,9.123345,3.259706,-1.369887,-0.012146,0.073194,-0.372539,108.808013,-67.923667,-111.116237
5835,8.984722,3.538822,-1.2382,0.033956,0.080671,-0.382349,108.549532,-67.730392,-110.814708
5836,9.135765,3.769104,-1.213087,0.001279,0.07704,-0.386776,108.279964,-67.533553,-110.522804
5837,9.191089,3.7693,-1.370098,-0.010884,0.105407,-0.387103,107.971084,-67.341015,-110.193655
5838,9.330546,3.867701,-1.177737,-0.061386,0.130412,-0.376934,107.610453,-67.15769,-109.841128
5839,8.997113,3.804053,-1.167781,-0.091606,0.147222,-0.371637,107.21861,-66.979258,-109.471567
5840,9.107265,3.871862,-1.193275,-0.096287,0.13828,-0.347589,106.850672,-66.811546,-109.131915
5841,8.966572,3.766463,-1.37019,-0.090467,0.133692,-0.324755,106.505578,-66.654738,-108.811311
5842,8.957787,4.149149,-1.165964,-0.103224,0.116847,-0.312239,106.183443,-66.501414,-108.525096
5843,8.766388,4.708114,-0.834757,-0.14059,0.128366,-0.29539,105.835533,-66.358491,-108.232287
5844,8.72615,4.5839,-0.653896,-0.192426,0.128707,-0.263708,105.472215,-66.232415,-107.956296
5845,8.687285,3.802969,-0.823624,-0.154504,0.128367,-0.233613,105.144485,-66.122184,-107.693902
5846,8.930458,3.995816,-1.030085,-0.05269,0.10061,-0.206327,104.921231,-66.022489,-107.483079
5847,8.907644,4.128974,-0.902613,-0.06742,0.107782,-0.192285,104.686997,-65.931215,-107.268129
5848,8.738215,3.986966,-0.982466,-0.076761,0.093956,-0.175585,104.471523,-65.846934,-107.080639
5849,9.001545,3.880493,-1.056148,-0.04219,0.068954,-0.157905,104.313766,-65.768524,-106.933167
5850,8.949869,4.152919,-1.110251,-0.026915,0.063466,-0.145057,104.176297,-65.696452,-106.799683
5851,8.817352,4.487224,-0.769018,-0.083752,0.074768,-0.136116,103.996026,-65.630649,-106.653526
5852,8.608417,4.144023,-0.942505,-0.074715,0.08086,-0.121159,103.818769,-65.573942,-106.50629
5853,8.796551,4.172734,-1.061967,-0.01877,0.076766,-0.100639,103.685094,-65.52774,-106.370128
5854,8.892519,4.123269,-1.151471,-0.028885,0.081486,-0.084868,103.545289,-65.491016,-106.235082
5855,8.875229,4.234587,-1.102146,-0.066525,0.090388,-0.07814,103.37533,-65.459004,-106.089524
5856,8.854463,4.14282,-1.124227,-0.094719,0.099334,-0.067587,103.181828,-65.433937,-105.936846
5857,8.927048,4.005885,-1.190328,-0.080329,0.10637,-0.051988,102.992802,-65.41816,-105.778891
5858,9.092193,3.999391,-1.130399,-0.043543,0.118044,-0.037489,102.814763,-65.411882,-105.610934
5859,8.996121,4.276485,-1.267643,-0.031474,0.140512,-0.011608,102.623168,-65.422498,-105.419181
5860,9.036327,4.299716,-1.354564,-0.036029,0.177566,0.000682,102.386927,-65.444469,-105.182521
5861,9.021248,4.206821,-1.270696,-0.00058,0.197969,0.031384,102.154164,-65.485619,-104.926349
5862,9.116612,4.320479,-1.324446,-0.019489,0.235994,0.046498,101.866305,-65.539382,-104.622705
5863,8.999411,4.163084,-1.176792,-0.047993,0.262867,0.068429,101.533112,-65.607748,-104.286359
5864,9.339565,3.675931,-1.209304,-0.051926,0.257198,0.080974,101.205947,-65.681861,-103.960289
5865,10.037054,4.086043,-1.277384,-0.020609,0.291039,0.087384,100.853641,-65.762358,-103.586263
5866,9.926868,4.106548,-1.344633,-0.15965,0.375747,0.090606,100.3139,-65.852521,-103.095231
5867,9.860112,3.785683,-1.52508,-0.258266,0.425004,0.080489,99.649017,-65.939595,-102.528314
5868,10.539189,3.650141,-1.944612,-0.362543,0.478608,0.060372,98.848067,-66.017419,-101.879233
5869,11.008204,3.942945,-1.765187,-0.576302,0.571072,0.036813,97.797488,-66.085183,-101.090226
5870,11.561973,3.640821,-1.897906,-0.978123,0.68649,-0.011554,96.355769,-66.126715,-100.12672
5871,12.337605,2.873897,-2.948257,-1.323896,0.76111,-0.075428,94.608545,-66.125139,-99.045099
5872,13.36168,3.317264,-3.297685,-1.422052,0.79394,-0.162412,92.757874,-66.061192,-97.912395
5873,15.237193,3.567487,-2.260797,-1.572994,0.834157,-0.272928,90.77467,-65.919433,-96.726949
5874,19.650627,3.440259,0.379505,-1.669727,0.915107,-0.355947,88.654406,-65.712631,-95.451835
5875,22.039481,0.132211,-1.236141,-1.556593,1.113064,-0.414239,86.382925,-65.447837,-93.934946
5876,22.609938,0.369373,-2.051798,-1.109207,1.13743,-0.568251,84.396146,-65.070725,-92.447561
5877,21.279123,-0.910907,-4.530884,-0.661425,1.259159,-0.641444,82.57993,-64.625022,-90.85785
5878,17.611377,0.021085,-6.408766,0.400908,1.058408,-0.68632,81.670483,-64.15227,-89.594996
5879,15.539509,2.120384,-3.908827,-0.024573,0.800794,-0.892671,80.890823,-63.578645,-88.738283
5880,12.528367,2.474113,-6.757392,-0.033529,0.625376,-1.086023,80.372846,-62.906275,-88.180115
5881,10.720539,1.912688,-5.363002,-0.209601,0.526477,-1.253792,79.918339,-62.14896,-87.799026
5882,9.096889,1.509906,-5.442397,-0.008916,0.426522,-1.439455,79.738253,-61.293941,-87.600747
5883,8.113152,1.121185,-3.47044,-0.222528,0.2869,-1.5021,79.598847,-60.420285,-87.58377
5884,8.055625,-3.289361,-2.733869,-0.414113,0.267993,-1.437945,79.361914,-59.582147,-87.584574
5885,7.421452,-5.320121,-2.343224,-0.096194,0.27885,-1.246036,79.267476,-58.853047,-87.535288
5886,7.675927,-9.039773,-4.311784,0.265359,0.092016,-0.915517,79.494165,-58.327694,-87.623167
5887,7.365286,-11.410717,-4.693384,0.80508,-0.028174,-0.486831,80.063,-58.058397,-87.745617
5888,6.412686,-11.396478,-4.015896,1.230002,-0.200921,-0.164309,80.975609,-57.984415,-87.991091
5889,5.53041,-10.594015,-3.633672,1.611263,-0.444843,0.154782,82.284693,-58.112255,-88.44336
5890,5.033935,-9.789402,-3.422653,1.683046,-0.670192,0.517801,83.808826,-58.453109,-89.101864
5891,5.205085,-9.611134,-3.138591,1.603672,-0.789058,0.903692,85.391329,-59.014697,-89.878289
5892,5.310774,-9.373841,-2.888535,1.494549,-0.809957,1.261501,86.949976,-59.766694,-90.694692
5893,5.625034,-9.106533,-2.297948,1.411045,-0.877969,1.599653,88.578161,-60.706255,-91.642595
5894,6.071494,-8.483385,-2.085141,1.410138,-0.928211,1.939082,90.338282,-61.822051,-92.728797
5895,6.378369,-7.258239,-1.765151,1.384407,-0.918975,2.279812,92.201046,-63.12081,-93.934298
5896,6.592476,-6.287144,-1.581921,1.307402,-0.981891,2.610984,94.267823,-64.582479,-95.40241
5897,7.286098,-5.320235,-1.231439,1.166249,-1.001418,2.965786,96.539046,-66.225205,-97.168199
5898,8.044693,-4.347581,-0.728863,0.96597,-1.000845,3.317634,99.052641,-68.030643,-99.295603
5899,8.865648,-3.484014,-0.250528,0.739339,-0.974967,3.633503,101.902351,-69.981705,-101.896724
5900,9.8275,-2.543483,0.172785,0.542449,-0.928697,3.911576,105.247466,-72.035696,-105.105411
5901,10.86233,-1.760432,0.31533,0.410654,-0.875796,4.148491,109.401839,-74.161612,-109.202315
5902,12.003434,-0.949165,0.3197,0.375204,-0.828838,4.334136,114.834626,-76.285071,-114.597711
5903,13.25295,0.015582,0.151104,0.394369,-0.774957,4.445462,122.216736,-78.319436,-121.936359
5904,14.103867,1.075905,-0.202312,0.43342,-0.701323,4.471092,132.307867,-80.121018,-131.954131
5905,14.377242,1.872348,-0.600245,0.547113,-0.675104,4.42464,146.111804,-81.496446,-145.602073
5906,14.578808,2.345604,-1.021825,0.744333,-0.680994,4.322856,163.41142,-82.206438,-162.64472
5907,14.762145,2.757204,-1.386478,1.023217,-0.715662,4.19219,-178.211416,-82.107086,179.414331
5908,14.630805,3.384103,-1.715966,1.335608,-0.791182,4.04167,-162.313767,-81.2603,164.123218
5909,14.855979,4.488926,-1.933072,1.638375,-0.959207,3.875035,-150.423447,-79.856782,153.037807
5910,15.576061,6.19486,-2.009701,2.005696,-1.007634,3.660118,-141.940659,-78.205905,145.568716
5911,15.653895,8.013522,-1.343055,2.078206,-0.958011,3.39357,-135.814097,-76.50773,140.524867
5912,16.068744,10.299366,-0.453482,2.077674,-0.82094,3.076772,-131.201928,-74.904156,136.99401
5913,15.650916,12.969129,0.144729,1.859965,-0.5776,2.590415,-127.695215,-73.543289,134.469988
5914,13.564468,15.586904,0.079332,1.58967,-0.367501,1.893787,-125.227927,-72.545038,132.842571
5915,11.740611,17.315007,-0.026204,1.257126,-0.229961,1.07002,-123.758062,-71.961526,132.06558
5916,10.914163,17.945219,0.086258,1.046453,-0.128814,0.250897,-123.107705,-71.800579,132.011841
5917,10.568514,17.865776,0.594967,0.815757,-0.0191,-0.504654,-123.1503,-72.033953,132.555705
5918,10.248213,16.656365,0.870743,0.665267,0.058388,-1.168079,-123.843621,-72.610229,133.683135
5919,10.649699,15.651521,1.065499,0.544268,0.140832,-1.722378,-125.145701,-73.467356,135.375252
5920,10.495371,14.860433,0.968161,0.357655,0.235174,-2.190523,-127.148709,-74.560171,137.671585
5921,10.060247,13.691055,0.645191,0.053051,0.297657,-2.557527,-130.073216,-75.81072,140.730504
5922,9.676735,11.733422,-0.061404,-0.146192,0.311854,-2.824891,-134.120372,-77.131855,144.806345
5923,16.708253,-8.19503,-1.734148,-1.507855,0.425533,-2.3306,-138.644215,-78.229202,148.553056
5924,14.720608,-30.310654,-4.145269,-0.515262,0.958204,-1.319764,-140.021976,-79.137886,149.656724
5925,11.645177,-5.564757,-0.191914,1.682498,0.129004,-1.807123,-143.183512,-79.837967,153.855564
5926,17.822018,11.707943,-1.179666,1.659846,-0.188771,-2.698783,-150.079188,-80.599299,161.817237
5927,18.973137,17.240514,-0.818621,0.91723,-0.008027,-2.953752,-159.1879,-81.321581,171.574353
5928,13.903983,7.119643,0.195729,-0.514659,0.109246,-2.809397,-169.852046,-81.812736,-177.944075
5929,8.85752,-0.768522,2.249593,-0.732667,0.012389,-2.528028,179.607242,-81.942529,-167.720332
5930,4.482095,-0.481045,0.866258,-0.382646,0.08878,-2.165288,170.645986,-81.886713,-158.891183
5931,3.07398,4.886777,-2.573191,0.283423,-0.435723,-1.958866,163.736045,-81.392694,-151.742151
5932,6.95387,13.236382,-5.185269,1.337318,-0.857906,-2.026539,158.582711,-80.550435,-145.74888
5933,16.699007,6.983304,-0.489039,-0.98162,-0.451154,-1.841987,153.050897,-79.880664,-140.706587
5934,11.068091,1.638202,1.795918,-0.168446,0.266599,-1.50837,148.379222,-79.589996,-136.057391
5935,11.320259,5.021195,0.589306,-0.182404,-0.628526,-1.637087,145.200585,-78.773679,-132.928308
5936,12.102904,2.246972,-1.616845,0.263146,-0.206376,-1.485529,142.328643,-78.174095,-129.843739
5937,8.318689,3.313083,-1.255171,0.233188,-0.243522,-1.327755,140.108157,-77.587705,-127.436832
5938,9.280937,1.662194,-1.311033,0.391864,-0.321172,-1.21998,138.516149,-76.991541,-125.574989
5939,9.669311,3.804082,-1.834284,0.407482,-0.237402,-1.067623,137.213258,-76.47922,-123.997486
5940,9.661912,3.4284,-1.507951,0.202847,-0.213164,-0.952881,136.052129,-76.014678,-122.682734
5941,9.588542,2.990386,-1.777737,0.169528,-0.207489,-0.825645,135.142529,-75.597639,-121.645512
5942,9.654747,2.310383,-1.930388,0.164523,-0.193038,-0.700079,134.453773,-75.234256,-120.836719
5943,9.619921,2.83387,-2.170363,0.221198,-0.184579,-0.60855,133.953657,-74.909444,-120.189293
5944,9.524633,3.026406,-2.352169,0.155745,-0.158854,-0.537918,133.50368,-74.623008,-119.630738
5945,9.197376,3.310042,-2.259615,0.10135,-0.152812,-0.465622,133.132171,-74.367672,-119.186404
5946,9.088494,3.074362,-2.042171,-0.021479,-0.142561,-0.374291,132.814778,-74.154287,-118.869728
5947,8.928911,3.09104,-2.353038,-0.065654,-0.13389,-0.290504,132.579738,-73.978711,-118.666058
5948,8.91554,3.384876,-2.052228,-0.1812,-0.12982,-0.209216,132.386969,-73.839281,-118.573777
5949,9.16099,3.023713,-1.888147,-0.227036,-0.111667,-0.12805,132.250052,-73.740675,-118.568479
5950,9.162719,2.738456,-1.895157,-0.283867,-0.085144,-0.064137,132.12818,-73.679895,-118.611251
5951,9.2812,2.354222,-1.731577,-0.275572,-0.089784,-0.029126,132.062564,-73.631711,-118.709341
5952,9.490982,2.217038,-1.371219,-0.254726,-0.06771,-0.014472,131.997271,-73.59879,-118.793705
5953,9.47463,1.467035,-1.486148,-0.204631,-0.064724,-0.029236,131.9358,-73.560221,-118.853793
5954,9.608722,1.253862,-1.731237,-0.07286,-0.06802,-0.059176,131.917032,-73.508167,-118.87805
5955,9.673276,1.507572,-1.883007,-0.027348,-0.069151,-0.100239,131.871788,-73.437679,-118.849035
5956,9.606798,1.637899,-2.145012,-0.065544,-0.067421,-0.143517,131.748476,-73.349849,-118.759843
5957,9.384057,1.615756,-2.333051,-0.111405,-0.068065,-0.192485,131.537915,-73.240263,-118.608408
5958,9.197962,1.873894,-2.365441,-0.149932,-0.072292,-0.233536,131.26362,-73.11172,-118.411893
5959,9.128833,1.815039,-2.345934,-0.220912,-0.067952,-0.272872,130.896845,-72.967038,-118.162496
5960,9.059454,1.498491,-2.064693,-0.253719,-0.067413,-0.329587,130.448477,-72.797864,-117.845756
5961,8.98937,1.257133,-1.994221,-0.188095,-0.067861,-0.393893,129.968833,-72.599178,-117.457936
5962,9.016308,1.283257,-2.127403,-0.124748,-0.08235,-0.461416,129.478551,-72.364918,-117.019064
5963,9.016666,1.046836,-2.372137,-0.07883,-0.095686,-0.53444,128.962476,-72.091831,-116.526128
5964,9.089036,0.781388,-2.402592,-0.012508,-0.133791,-0.61903,128.460298,-71.766373,-116.005737
5965,9.221967,0.891395,-2.421086,0.04524,-0.144402,-0.697159,127.940458,-71.400162,-115.431931
5966,9.286908,0.903964,-2.715333,0.103335,-0.146473,-0.777068,127.397096,-70.995703,-114.795704
5967,9.21731,0.971121,-2.744973,0.125624,-0.158209,-0.861263,126.82372,-70.546399,-114.11346
5968,8.969214,1.016963,-2.96684,0.139878,-0.168035,-0.947197,126.219337,-70.052224,-113.386687
5969,8.704286,1.663005,-2.999189,0.171485,-0.175865,-1.027171,125.60297,-69.515433,-112.626226
5970,8.736866,1.646369,-2.934728,0.080799,-0.165201,-1.102292,124.893381,-68.944297,-111.818124
5971,8.908726,1.423029,-3.184807,0.070135,-0.156892,-1.17248,124.150638,-68.338872,-110.978444
5972,9.528755,2.519477,-2.762556,0.146171,-0.149963,-1.247967,123.42747,-67.696108,-110.108588
5973,10.470186,4.348827,-1.558425,0.04827,-0.061095,-1.314551,122.543213,-67.044319,-109.121494
5974,11.298331,3.924952,-0.70851,-0.362766,0.02827,-1.373985,121.336946,-66.384127,-108.034879
5975,11.717356,3.11271,-1.207944,-0.568633,0.100593,-1.42018,119.96685,-65.712575,-106.893073
5976,11.859341,3.418822,-0.594091,-0.790067,0.178847,-1.50037,118.406264,-65.011354,-105.674552
5977,11.443874,2.887833,-0.052719,-0.972779,0.235002,-1.587251,116.710582,-64.266598,-104.415526
5978,10.96589,2.155532,0.220644,-0.986566,0.241569,-1.683542,115.034886,-63.458433,-103.17898
5979,11.901539,1.705372,-0.558843,-0.668773,0.308324,-1.770115,113.516849,-62.605903,-101.906046
5980,12.212924,2.464034,-3.058104,-0.427057,0.428564,-1.853435,112.065522,-61.721369,-100.541897
5981,12.445149,3.017788,-4.43319,-0.336585,0.480648,-1.938583,110.66849,-60.786882,-99.168425
5982,13.190232,4.033794,-4.105021,-0.494522,0.504033,-2.047671,109.209525,-59.781869,-97.815205
5983,14.219351,4.373582,-3.543289,-0.812291,0.578989,-2.18738,107.552371,-58.696855,-96.428038
5984,15.080705,2.986721,-2.844097,-1.18683,0.623422,-2.322405,105.711114,-57.523567,-95.060823
5985,17.561943,2.644288,-1.867964,-1.404925,0.641131,-2.468716,103.810138,-56.249349,-93.751535
5986,19.931848,1.000493,-1.86994,-1.615612,0.767832,-2.619508,101.774789,-54.882648,-92.406651
5987,21.524873,-0.890431,-2.087989,-1.652288,0.877182,-2.787315,99.733552,-53.407957,-91.054447
5988,21.506829,-2.499301,-2.126418,-1.523058,0.915673,-2.96533,97.843629,-51.808616,-89.774648
5989,21.772283,-2.876176,-1.287582,-1.347919,0.849708,-3.123684,96.206803,-50.093166,-88.657999
5990,22.180995,-2.484407,-0.75338,-1.157724,0.770227,-3.261061,94.82749,-48.275441,-87.712538
5991,22.492129,-0.595151,1.499846,-0.814412,0.733045,-3.463632,93.746972,-46.330102,-86.871869
5992,21.474912,0.038986,-0.427326,-0.744373,0.752214,-3.641493,92.766389,-44.271219,-86.09295
5993,21.500663,-0.988403,0.427166,-0.475417,0.727605,-3.771328,92.018686,-42.132776,-85.391485
5994,17.865506,0.642359,-1.764046,-0.043447,0.886767,-3.798882,91.493866,-39.972476,-84.630848
5995,17.125513,-0.281647,-2.141425,0.139715,0.846396,-3.649852,91.143739,-37.896853,-83.937508
5996,14.12858,0.743996,-1.280256,0.294881,1.009018,-3.366286,90.853212,-35.978205,-83.173457
5997,12.479982,0.752978,-1.677353,-0.099216,0.918198,-3.071594,90.413133,-34.228755,-82.496988
5998,11.775615,-1.015188,-0.613446,-0.517705,0.942748,-2.673997,89.758268,-32.697232,-81.847887
5999,10.053689,0.634818,-1.565517,-0.550548,0.899984,-2.326799,89.128381,-31.3642,-81.244044
6000,6.723276,0.279557,-2.482195,-0.583419,0.752964,-1.875377,88.550005,-30.280957,-80.768211
6001,7.154009,1.542078,-1.317076,-0.759717,0.350792,-1.631679,88.015626,-29.345922,-80.557315
6002,7.319743,-2.562767,-3.168416,-0.123368,0.392573,-1.112143,87.833278,-28.700791,-80.327711
6003,5.880734,-3.108743,-1.884087,0.367108,0.324466,-0.443154,87.947499,-28.445997,-80.114528
6004,4.511666,-2.795136,-1.527022,0.072128,0.24515,0.029974,87.912671,-28.457896,-79.955228
6005,3.645901,-2.394652,-1.765277,-0.067782,0.171186,0.456339,87.815086,-28.721611,-79.81964
6006,3.011748,-1.940131,-1.922985,-0.199717,0.080993,0.900523,87.663965,-29.235154,-79.744435
6007,2.716513,-1.65461,-2.21138,-0.281411,-0.046084,1.316211,87.499672,-29.996019,-79.725005
6008,2.573612,-1.422049,-2.34518,-0.19466,-0.156559,1.698074,87.415785,-30.971784,-79.779995
6009,2.576888,-1.097576,-2.223923,-0.031584,-0.246555,2.053286,87.4522,-32.159814,-79.870478
6010,2.809318,-0.857332,-2.310535,0.137258,-0.324718,2.402923,87.61296,-33.543141,-80.022289
6011,2.896512,-0.713763,-2.481931,0.296912,-0.368775,2.747309,87.885437,-35.130886,-80.189684
6012,3.073447,-0.495946,-2.529083,0.439925,-0.432928,3.083208,88.275175,-36.904565,-80.424163
6013,3.539245,-0.081943,-2.374282,0.497854,-0.475232,3.397706,88.733311,-38.864442,-80.691195
6014,4.184541,0.135448,-2.343445,0.492686,-0.496758,3.693058,89.222765,-40.984951,-81.014251
6015,4.849043,0.293969,-2.298452,0.499497,-0.522503,3.933675,89.76256,-43.248167,-81.377461
6016,5.425852,0.336142,-2.485751,0.536577,-0.546922,4.139816,90.380902,-45.619506,-81.821726
6017,6.002351,0.589581,-2.423668,0.561705,-0.599621,4.335761,91.105232,-48.106037,-82.357862
6018,6.625354,1.010345,-2.384909,0.581566,-0.650885,4.531013,91.955247,-50.691026,-83.038574
6019,7.126681,1.497784,-2.370476,0.526626,-0.684243,4.722748,92.908384,-53.385056,-83.848812
6020,7.790599,1.959072,-2.544145,0.421707,-0.726802,4.911584,93.979493,-56.168913,-84.864103
6021,8.350674,2.076008,-2.522232,0.256042,-0.803152,5.071264,95.219615,-59.035631,-86.142607
6022,8.988087,1.905194,-2.481306,0.184846,-0.936006,5.212894,96.823307,-61.949655,-87.863246
6023,9.820184,2.048447,-2.394313,0.185667,-1.078167,5.333386,98.999347,-64.899103,-90.160202
6024,10.634525,2.483627,-2.112168,0.137252,-1.205522,5.440399,101.927066,-67.839601,-93.269103
6025,11.580385,2.97326,-2.118487,0.066279,-1.314782,5.528842,105.92666,-70.741845,-97.486122
6026,12.520948,3.584423,-1.993791,-0.041623,-1.456006,5.596217,111.553523,-73.513343,-103.421335
6027,13.939657,4.307365,-2.006464,-0.132351,-1.608868,5.697277,119.760821,-76.069785,-111.985116
6028,15.462921,5.583955,-2.369064,-0.088358,-1.679817,5.768309,131.603257,-78.204101,-124.180154
6029,16.927184,6.794151,-1.452208,-0.474323,-1.621705,5.784486,147.398799,-79.66816,-140.529893
6030,17.430886,6.405342,-0.921391,-1.02465,-1.605008,5.74565,165.922461,-80.133685,-159.935934
6031,18.827994,7.646607,-0.524421,-1.047982,-1.743059,5.662577,-176.142471,-79.417084,-178.749174
6032,21.350596,10.545776,-0.380109,-1.08467,-1.653412,5.53553,-162.101724,-77.87443,166.300178
6033,21.068694,13.772648,1.068532,-1.738024,-1.435574,5.350549,-152.287265,-75.91453,155.218578
6034,19.578284,14.776183,1.185409,-3.027529,-1.27705,5.070269,-146.178178,-73.793922,147.094304
6035,15.743225,13.424048,-0.725297,-3.919399,-1.177073,4.666125,-142.675399,-71.682393,141.088196
6036,12.125421,13.784922,-3.428644,-3.693721,-1.530932,4.190848,-140.973684,-69.506957,137.040533
6037,12.8979,19.01184,-2.204111,-3.712331,-2.031097,3.572533,-140.93173,-67.308667,134.718141
6038,14.141373,23.711325,2.020491,-4.52431,-2.068596,2.715973,-142.416176,-65.413319,133.50859
6039,13.552893,21.578711,7.373192,-5.177774,-1.667721,1.634861,-144.980365,-64.08505,133.070273
6040,14.733166,15.589705,9.837808,-4.660659,-0.955512,0.380865,-147.897762,-63.507605,133.345387
6041,13.876788,12.67205,10.102843,-3.508097,-0.102244,-0.763286,-150.725289,-63.677774,134.261899
6042,11.77258,14.107551,8.756433,-2.585258,0.368216,-1.645185,-153.715699,-64.303085,135.940864
6043,11.728728,10.576741,2.914648,-1.979168,0.367266,-2.178585,-157.061967,-65.012633,138.389975
6044,12.344774,6.476984,3.1369,-0.897338,0.464941,-2.437562,-160.20553,-65.768984,141.281713
6045,10.347644,-10.455438,-10.886542,0.075752,0.386136,-2.325591,-162.855998,-66.399891,144.22836
6046,19.861062,-32.000293,-3.573612,0.515124,0.299165,-1.439081,-164.277518,-66.79678,146.098676
6047,30.739211,-4.766155,5.509711,4.002279,1.087528,-2.330577,-164.657051,-67.753231,148.99861
6048,32.701135,21.868798,11.014312,3.091772,1.424978,-3.632177,-167.493755,-69.04675,153.954142
6049,13.94578,13.761139,4.226478,1.203644,1.381191,-3.536066,-171.787694,-70.189912,159.270408
6050,6.49645,-3.984859,-3.903213,0.988822,0.640867,-3.415217,-176.608672,-70.752803,164.986064
6051,0.024459,-1.215649,-7.07526,2.16862,0.376354,-3.0764,179.563436,-71.013441,170.351818
6052,5.124647,9.639589,-3.908912,1.683125,-0.26661,-2.998624,175.586895,-70.786978,175.580064
6053,8.264604,10.230885,-3.129559,0.404223,0.775069,-2.620886,171.356132,-71.056857,-179.699259
6054,7.477809,9.966401,-1.625582,-0.072249,0.242197,-2.48227,167.181944,-70.927348,-175.328529
6055,13.448183,5.628179,1.30771,-1.053226,0.658124,-2.252756,162.683738,-70.955024,-171.210037
6056,10.880754,2.439328,-0.189091,-0.059299,0.586792,-2.032307,159.149384,-70.891081,-167.506564
6057,13.120712,2.97629,-1.966394,-0.106364,0.545775,-2.00844,155.686557,-70.736904,-163.906998
6058,9.391278,2.273646,-2.590396,0.107557,0.652244,-1.962079,152.402398,-70.5799,-160.361386
6059,8.458386,3.900156,-1.434175,0.114459,0.489885,-1.912155,149.387425,-70.291104,-157.094507
6060,7.46491,3.611711,-1.972545,0.121186,0.417553,-1.713135,146.801355,-69.974444,-154.271205
6061,7.729769,3.385688,-1.424562,0.205623,0.282366,-1.454632,144.795281,-69.638584,-152.010787
6062,7.990162,4.115448,-1.99387,0.318613,0.145513,-1.223346,143.332781,-69.293824,-150.254327
6063,8.50018,5.369252,-2.130765,0.132154,0.05224,-1.04038,142.114884,-68.955393,-148.872538
6064,8.067555,4.976897,-2.040794,-0.100633,-0.018033,-0.881495,141.054713,-68.632613,-147.7974
6065,8.404183,4.328304,-1.682626,-0.234168,-0.090557,-0.742619,140.167759,-68.321209,-146.991168
6066,9.272966,3.393468,-2.255082,-0.238052,-0.131802,-0.625512,139.47019,-68.031436,-146.386855
6067,10.030263,3.174024,-2.701955,-0.168412,-0.156545,-0.526236,138.953407,-67.765236,-145.936303
6068,10.187934,2.984662,-3.909495,-0.223284,-0.188106,-0.435974,138.542595,-67.518671,-145.630615
6069,10.256275,3.031524,-3.348055,-0.171483,-0.20689,-0.387742,138.232154,-67.281183,-145.403791
6070,10.256368,3.539521,-2.373415,-0.320382,-0.209863,-0.348084,137.888025,-67.057623,-145.229766
6071,9.514956,3.007481,-2.444193,-0.361847,-0.178086,-0.30551,137.53547,-66.86304,-145.074917
6072,8.987893,3.135137,-2.797053,-0.390786,-0.187567,-0.26554,137.221204,-66.680118,-144.976772
6073,8.585096,3.137159,-3.272559,-0.378024,-0.174498,-0.195892,136.969802,-66.529166,-144.941772
6074,8.520782,3.167652,-3.707643,-0.412968,-0.185554,-0.14165,136.765014,-66.395279,-144.976674
6075,8.525157,3.200096,-3.635256,-0.453897,-0.208675,-0.106355,136.588953,-66.265169,-145.071279
6076,8.600985,3.263419,-3.206784,-0.538278,-0.200715,-0.070477,136.394626,-66.153151,-145.196147
6077,8.422326,2.954395,-2.814829,-0.58993,-0.190771,-0.061646,136.167569,-66.048416,-145.320346
6078,8.417537,2.715046,-2.607615,-0.588922,-0.177711,-0.059442,135.934712,-65.950666,-145.435003
6079,8.396284,2.551995,-2.402805,-0.520494,-0.144344,-0.075758,135.693952,-65.8598,-145.500721
6080,8.321762,2.283057,-2.552651,-0.442999,-0.092972,-0.099787,135.433206,-65.780934,-145.493322
6081,7.974143,2.218422,-3.325974,-0.308356,-0.054635,-0.146754,135.171057,-65.698264,-145.402225
6082,7.954087,2.134601,-3.884773,-0.230208,-0.032597,-0.196163,134.893547,-65.604823,-145.242592
6083,8.374104,2.409965,-3.906384,-0.175964,-0.013103,-0.230436,134.598495,-65.504498,-145.031735
6084,8.55288,2.781204,-3.482879,-0.193887,-0.003392,-0.283157,134.242849,-65.386471,-144.763058
6085,8.610759,2.908042,-2.965402,-0.223625,0.006696,-0.326198,133.824715,-65.253507,-144.446267
6086,8.464559,2.844406,-2.443076,-0.221065,-0.00216,-0.375191,133.380467,-65.096199,-144.096541
6087,8.234344,2.978419,-2.244803,-0.216833,-0.041433,-0.42612,132.934087,-64.900609,-143.743372
6088,7.935844,2.842516,-2.175399,-0.262044,-0.100518,-0.487095,132.472925,-64.65568,-143.399772
6089,7.699005,2.458242,-2.392281,-0.311042,-0.183027,-0.55718,132.006457,-64.347606,-143.082628
6090,7.593043,2.902972,-2.809545,-0.322214,-0.326898,-0.633712,131.611352,-63.951337,-142.848932
6091,7.720728,3.083735,-2.835325,-0.461005,-0.457222,-0.695471,131.21042,-63.477993,-142.698492
6092,8.105812,3.352179,-2.797205,-0.519282,-0.60471,-0.735927,130.882953,-62.93171,-142.665154
6093,8.715859,3.834254,-2.375235,-0.64969,-0.695938,-0.773724,130.535224,-62.334402,-142.694836
6094,8.693518,3.597299,-2.12434,-0.744908,-0.730042,-0.817879,130.138514,-61.705703,-142.729117
6095,9.4059,3.15037,-2.60788,-0.752272,-0.747165,-0.850391,129.735041,-61.056133,-142.762551
6096,10.346517,2.472245,-3.651072,-0.693759,-0.679731,-0.876861,129.304003,-60.420001,-142.724313
6097,11.284265,2.518658,-4.87556,-0.508554,-0.622514,-0.920275,128.914852,-59.784769,-142.613421
6098,12.041021,3.018452,-5.42397,-0.487691,-0.57673,-0.992603,128.470786,-59.133566,-142.422476
6099,11.985262,3.465178,-5.309128,-0.600835,-0.561639,-1.099785,127.900701,-58.43831,-142.160028
6100,10.684468,3.789975,-4.952041,-0.839277,-0.567683,-1.218389,127.152274,-57.685827,-141.844973
6101,9.529736,3.994744,-4.457853,-1.101374,-0.676701,-1.313947,126.304102,-56.849612,-141.588257
6102,9.305069,3.846195,-4.680426,-1.231102,-0.826483,-1.369792,125.484328,-55.935483,-141.451132
6103,9.49853,4.023684,-4.794097,-1.491859,-1.002583,-1.405796,124.640378,-54.945278,-141.465542
6104,9.469135,4.424287,-5.474264,-1.701114,-1.296814,-1.486433,123.854718,-53.822454,-141.698291
6105,11.532415,5.090232,-5.461496,-2.003366,-1.546189,-1.516427,123.054893,-52.608312,-142.133944
6106,13.176589,5.117716,-5.694821,-2.384521,-1.812146,-1.543611,122.197383,-51.30299,-142.780177
6107,15.0444,5.385981,-6.498126,-2.833878,-2.08872,-1.608855,121.223336,-49.888989,-143.621843
6108,16.713771,6.251292,-7.046128,-3.338625,-2.460668,-1.66091,120.15054,-48.350459,-144.733275
6109,21.25242,6.333398,-8.280965,-4.000498,-2.814785,-1.596715,118.900101,-46.759028,-146.14548
6110,24.276546,6.505443,-7.581647,-4.597073,-2.865301,-1.623063,117.311019,-45.164756,-147.599326
6111,19.748702,3.433488,-8.717116,-5.30705,-2.889744,-1.65549,115.311371,-43.580396,-149.087993
6112,12.912541,1.707825,-8.843318,-5.253004,-3.156162,-1.596537,113.476637,-41.99991,-150.818193
6113,9.807615,2.751317,-8.649514,-5.281389,-3.594875,-1.537214,111.818385,-40.393902,-152.893905
6114,11.36763,4.494654,-5.697187,-5.365525,-3.807276,-1.429733,110.187151,-38.846723,-155.157281
6115,10.298111,7.837059,-3.056106,-5.668835,-3.826665,-1.324603,108.3677,-37.406551,-157.469593
6116,8.723601,7.694354,-3.270163,-6.150394,-3.971058,-1.217129,106.309509,-36.062307,-159.920943
6117,8.092199,3.087982,-3.631801,-6.306094,-4.156069,-0.975507,104.229555,-34.896087,-162.560963
6118,7.074345,-0.029003,-1.788298,-6.553171,-4.248323,-0.749246,102.031618,-33.92461,-165.316603
6119,6.023719,-0.790712,1.15235,-6.300952,-4.364645,-0.619933,100.002785,-33.098248,-168.178956
6120,7.785841,-5.008092,3.521756,-6.279636,-4.214497,-0.459273,97.914329,-32.461904,-170.967931
6121,6.503996,-7.769728,5.228262,-4.776061,-4.01536,-0.16243,96.612608,-32.079074,-173.653065
6122,4.777237,-6.89068,5.479186,-3.411377,-4.059765,0.128783,96.107218,-31.8944,-176.389275
6123,3.954898,-5.600181,4.807863,-2.315273,-4.188778,0.495491,96.28653,-31.918141,-179.236302
6124,4.357653,-4.170721,4.178651,-1.6038,-4.255869,0.949524,96.92372,-32.177833,177.831
6125,4.817057,-2.701792,4.335719,-1.494877,-4.344459,1.3942,97.700941,-32.65409,174.785342
6126,5.788785,-1.095017,4.159051,-1.715142,-4.477658,1.78018,98.460027,-33.303164,171.585399
6127,6.898013,0.037514,4.231492,-2.201488,-4.582826,2.116077,99.054036,-34.102624,168.243304
6128,7.864055,0.453822,4.542223,-2.799594,-4.681955,2.438756,99.430183,-35.050909,164.753913
6129,8.74694,-0.494438,5.248755,-3.388597,-4.73717,2.748214,99.592876,-36.156512,161.140566
6130,10.004155,-1.879061,6.151613,-3.86271,-4.742493,3.023648,99.59927,-37.411806,157.433673
6131,11.297356,-3.059606,6.811821,-4.088353,-4.659156,3.253479,99.565964,-38.806969,153.692614
6132,12.471422,-3.680884,7.856044,-4.192422,-4.562568,3.465379,99.56729,-40.330607,149.919462
6133,13.703975,-3.88145,8.662849,-4.148207,-4.409125,3.670784,99.676139,-41.983878,146.142617
6134,14.412695,-3.675454,8.773615,-3.98381,-4.217386,3.848415,99.952998,-43.744991,142.380241
6135,14.351482,-3.315122,8.744793,-3.794425,-4.049744,4.013555,100.440467,-45.599925,138.593948
6136,14.14132,-2.602644,8.389221,-3.618095,-3.922278,4.180328,101.174381,-47.531649,134.728741
6137,14.095288,-1.939865,7.802512,-3.485776,-3.789382,4.358429,102.156782,-49.541271,130.751573
6138,13.979612,-1.640024,7.430289,-3.433387,-3.64057,4.536589,103.36428,-51.616269,126.642374
6139,14.001752,-1.347837,6.640116,-3.393972,-3.476042,4.688669,104.813568,-53.740649,122.373315
6140,14.085595,-0.911856,6.771539,-3.486848,-3.351863,4.798509,106.491478,-55.870788,117.876
6141,14.577934,-0.549316,7.38557,-3.633333,-3.226345,4.860704,108.402988,-57.977567,113.108981
6142,15.03941,-0.116995,9.326176,-3.824096,-3.046922,4.871065,110.50138,-60.028958,108.10568
6143,15.531383,-0.915339,10.093508,-3.956824,-2.817135,4.858571,112.803645,-62.025341,102.880847
6144,16.007646,-1.708851,10.660688,-3.731214,-2.510573,4.893586,115.498691,-63.996577,97.458139
6145,16.151847,-1.907353,10.470751,-3.321868,-2.197175,4.928473,118.759051,-65.940843,91.757216
6146,16.168344,-0.780668,10.625122,-2.932862,-1.841144,4.977744,122.622199,-67.856784,85.731457
6147,15.926896,0.303969,9.884634,-2.655823,-1.488302,5.035258,127.169031,-69.741077,79.220325
6148,15.78979,1.456363,8.851688,-2.428228,-1.15637,5.084547,132.54845,-71.555355,72.045591
6149,15.751873,2.332907,7.998214,-2.293195,-0.832491,5.104924,138.907567,-73.262337,63.994304
6150,15.967854,3.454472,6.702265,-2.022023,-0.560153,5.072135,146.511106,-74.771465,54.881681
6151,16.495552,5.190561,5.628259,-1.842936,-0.26158,4.994943,155.370268,-76.037334,44.634451
6152,15.900914,6.964522,4.310063,-1.912878,0.054061,4.822135,165.096173,-77.004389,33.50789
6153,10.297705,4.562473,-0.035522,-1.873089,0.048444,4.31132,174.77224,-77.466139,22.484381
6154,10.468962,7.352512,-5.130312,-0.541997,-0.691839,3.970762,-175.441469,-77.08057,12.134429
6155,13.465083,13.306925,-4.420022,-0.752808,-0.755715,3.543149,-167.614866,-76.350464,3.647398
6156,13.575576,16.850239,-3.238529,-1.267566,-0.621572,2.980022,-162.122753,-75.558944,-2.762319
6157,11.930414,17.346194,-2.620542,-2.011004,-0.748322,2.428662,-158.864591,-74.688078,-7.327762
6158,11.497257,14.325322,-0.702463,-2.441743,-0.682697,1.790629,-157.393699,-73.941885,-10.308804
6159,11.956327,12.15168,1.167763,-2.212463,-0.305907,1.076659,-156.938495,-73.539526,-12.105159
6160,11.298154,12.617591,3.14931,-1.786741,0.092296,0.391698,-157.195984,-73.500013,-12.904426
6161,11.063278,13.757755,3.212879,-1.44257,0.347344,-0.240993,-158.195363,-73.735463,-12.725601
6162,10.575207,13.731207,2.065091,-1.236176,0.561971,-0.750134,-159.901455,-74.189076,-11.687597
6163,9.955111,13.132883,0.862711,-1.053119,0.667569,-1.169031,-162.338138,-74.767158,-9.785915
6164,8.913169,12.660249,0.133216,-0.908022,0.706475,-1.510359,-165.56195,-75.394768,-6.988341
6165,7.88948,11.377705,-0.324039,-0.858891,0.727436,-1.772823,-169.595403,-76.02026,-3.334656
6166,9.124653,4.61517,-4.160768,-1.017469,0.633292,-1.7628,-174.06197,-76.522397,0.662812
6167,9.061433,-10.204268,-3.972096,-1.865829,0.828068,-1.163966,-177.820794,-77.04272,3.425289
6168,9.692611,-13.753423,-4.950267,-1.374509,0.634355,-0.838116,179.292871,-77.41146,5.577112
6169,13.531582,-7.634412,-10.26407,-0.556554,0.142885,-1.029517,176.316394,-77.47033,8.299126
6170,20.270899,4.421557,-4.909185,0.132597,-0.291198,-1.921247,171.599342,-77.187349,13.211442
6171,18.114257,5.888205,3.248141,-0.933625,0.397864,-2.648703,164.353482,-77.093624,20.093867
6172,9.092472,1.756083,5.884958,-0.558286,0.303691,-2.539825,157.852639,-76.78555,26.438396
6173,6.592666,2.167432,4.977807,-0.268402,-0.16451,-2.062756,153.378768,-76.211331,30.880383
6174,5.379599,2.369461,0.760159,-0.481551,-0.274045,-1.626499,150.126194,-75.630841,33.94894
6175,3.125285,11.308734,-4.391127,0.725761,-0.869017,-1.593889,148.533845,-74.736761,36.025416
6176,14.462235,9.27422,-3.660831,-0.992016,-1.018912,-1.768896,146.064717,-73.696915,38.000311
6177,10.238338,-4.632824,-1.38586,0.24069,0.056808,-1.326359,144.037665,-73.288047,40.257803
6178,8.516418,7.737812,0.446891,0.543511,-0.850289,-1.228305,143.443025,-72.478079,41.205619
6179,11.136859,4.139196,-3.336553,-0.204041,-0.368523,-1.283673,141.905467,-71.864084,42.697373
6180,9.936195,4.834237,-3.27998,0.067088,-0.443543,-1.08726,140.958728,-71.276135,43.735588
6181,9.138425,2.289565,-1.668679,-0.057741,-0.209285,-0.980669,139.886323,-70.825528,44.83395
6182,9.075682,1.589917,-3.814185,0.440936,-0.465426,-0.912199,139.499676,-70.283226,45.511694
6183,9.586536,3.951234,-3.146248,0.417583,-0.252033,-0.793573,139.04768,-69.876934,46.246428
6184,9.16418,4.398939,-3.66562,0.05484,-0.310177,-0.706883,138.573201,-69.475635,46.785701
6185,9.752825,4.501828,-2.896897,-0.237709,-0.181691,-0.600875,137.939527,-69.16845,47.316959
6186,9.232453,3.796094,-3.476424,-0.509455,-0.070394,-0.472086,137.198003,-68.955359,47.798164
6187,8.803825,3.235917,-3.588536,-0.508157,0.03035,-0.358794,136.48695,-68.827061,48.247822
6188,8.807454,2.816996,-3.187859,-0.399017,0.074304,-0.247857,135.919276,-68.758692,48.611294
6189,8.962967,2.506242,-2.986062,-0.217453,0.089683,-0.169638,135.523007,-68.7272,48.902382
6190,9.094678,2.427936,-2.959484,-0.121033,0.091679,-0.098597,135.256713,-68.724118,49.113522
6191,8.872009,2.286218,-3.216007,-0.033586,0.086722,-0.042419,135.102674,-68.741791,49.257753
6192,8.903294,2.191312,-3.292471,0.034759,0.076266,-0.0074,135.036581,-68.768931,49.349822
6193,8.735665,1.96699,-3.366378,0.032545,0.044925,0.015492,135.024149,-68.792952,49.382759
6194,8.778902,2.110528,-3.478757,0.063928,0.007152,0.03172,135.087577,-68.80789,49.353805
6195,8.906409,2.938312,-3.061537,0.030877,0.035256,0.044525,135.114857,-68.839721,49.343133
6196,9.192417,3.49967,-3.008031,-0.038799,0.133494,0.072537,135.030065,-68.922423,49.40999
6197,9.105858,2.737717,-2.453381,-0.254575,0.18333,0.091632,134.786807,-69.033227,49.513964
6198,9.47581,2.643346,-2.403279,-0.220124,0.163626,0.084034,134.57599,-69.132586,49.604425
6199,9.684131,3.468955,-1.396147,-0.244819,0.205973,0.082242,134.300537,-69.24832,49.748673
6200,9.320494,2.410144,-1.296984,-0.336418,0.211645,0.0669,133.949182,-69.359469,49.918007
6201,9.275151,1.946196,-1.390234,-0.239715,0.14477,0.026298,133.67998,-69.427259,50.058493
6202,9.282547,1.997128,-1.3506,-0.166087,0.102046,-0.0162,133.45599,-69.460043,50.195874
6203,9.303995,1.807292,-1.27287,-0.142804,0.041598,-0.072841,133.251039,-69.44561,50.326962
6204,9.393849,1.505084,-1.423568,-0.06944,-0.010397,-0.144978,133.072754,-69.380161,50.4747
6205,9.51873,1.359564,-1.815349,0.039654,-0.049945,-0.215759,132.927059,-69.269872,50.654272
6206,9.374974,1.431334,-1.961767,0.088865,-0.076836,-0.302551,132.753969,-69.112048,50.8937
6207,9.16793,1.479988,-1.86768,0.124442,-0.099331,-0.387584,132.54186,-68.909855,51.196787
6208,9.194963,1.373595,-2.142447,0.1784,-0.110596,-0.457696,132.309889,-68.672755,51.555041
6209,9.088389,1.488797,-2.508928,0.216847,-0.124107,-0.532433,132.046947,-68.39872,51.970601
6210,9.177831,1.856317,-2.47599,0.194299,-0.140655,-0.605643,131.729254,-68.085808,52.432314
6211,9.064412,1.978395,-2.187519,0.09829,-0.147298,-0.678978,131.30572,-67.738388,52.949669
6212,9.413951,2.157961,-2.227453,0.026673,-0.154976,-0.739765,130.810444,-67.359692,53.501881
6213,9.859995,1.973055,-3.093227,-0.216761,-0.032192,-0.80206,130.011577,-66.997682,54.233328
6214,9.64361,1.935536,-3.663361,-0.379241,0.052742,-0.880675,128.991672,-66.626801,55.106256
6215,9.96408,2.526866,-3.388673,-0.485533,0.078978,-0.954472,127.853481,-66.226368,56.044032
6216,9.491193,2.410871,-3.418926,-0.608216,0.116039,-1.044913,126.573637,-65.789046,57.063244
6217,9.183337,2.788094,-2.938629,-0.557455,0.087769,-1.119246,125.337134,-65.299381,58.070203
6218,9.459832,3.093317,-3.019596,-0.562481,0.135675,-1.163763,124.062879,-64.794723,59.119956
6219,9.717346,3.078941,-3.496616,-0.539274,0.154113,-1.206421,122.800095,-64.266444,60.175892
6220,9.968467,3.455894,-2.933361,-0.575728,0.127049,-1.269923,121.551536,-63.688655,61.197985
6221,10.201465,3.760376,-1.760599,-0.62062,0.089985,-1.320061,120.332418,-63.066444,62.163382
6222,11.064927,3.938607,-0.955696,-0.711658,0.109062,-1.358843,119.071635,-62.420479,63.122714
6223,12.454312,3.220914,-1.529911,-0.675668,0.220466,-1.389149,117.759722,-61.780643,64.168521
6224,12.277048,3.299923,-3.188862,-0.653593,0.22072,-1.456595,116.480692,-61.094852,65.198153
6225,12.623389,4.072506,-2.620734,-0.747433,0.227965,-1.545373,115.155229,-60.354968,66.226052
6226,12.80775,3.628819,-2.328205,-1.027473,0.298304,-1.635126,113.629233,-59.571718,67.308474
6227,13.14454,3.822457,-1.539796,-1.205412,0.347596,-1.740856,111.98436,-58.729949,68.419205
6228,13.524158,3.168128,-0.885537,-1.35149,0.379969,-1.829018,110.271355,-57.830356,69.522391
6229,14.579715,2.702059,-0.797599,-1.46132,0.39472,-1.929581,108.528471,-56.863496,70.597088
6230,15.45891,2.100639,-1.053628,-1.535281,0.427753,-2.053043,106.763578,-55.81632,71.660317
6231,16.768233,1.291312,-1.033233,-1.581954,0.437293,-2.183464,105.016142,-54.68307,72.682757
6232,18.366143,0.566633,-0.985614,-1.611535,0.467754,-2.315246,103.287467,-53.461857,73.67693
6233,19.835807,-0.72208,-1.16962,-1.625208,0.490705,-2.422178,101.600567,-52.169321,74.624197
6234,20.857101,-1.579873,-0.627062,-1.684465,0.468053,-2.531399,99.964373,-50.794317,75.481501
6235,20.89138,-2.148456,0.071906,-1.909106,0.440938,-2.66766,98.283089,-49.328502,76.245774
6236,21.151358,-2.538926,0.660474,-1.84217,0.412062,-2.907198,96.717648,-47.707539,76.926038
6237,22.107968,-2.417718,0.916696,-1.585677,0.45762,-3.22912,95.324535,-45.899322,77.588167
6238,21.481175,-2.726239,-2.02586,-0.9364,0.525812,-3.470896,94.32248,-43.942713,78.246988
6239,21.354545,-0.384658,-2.175667,-0.199956,0.625058,-3.632733,93.740489,-41.897436,78.931301
6240,18.824992,2.593162,-4.716421,0.186841,0.760309,-3.653872,93.359749,-39.834611,79.676416
6241,18.17518,1.510234,-2.999326,0.093797,0.747318,-3.541416,92.979102,-37.840413,80.366652
6242,15.01808,1.975197,-2.111135,-0.040458,0.829896,-3.385303,92.530036,-35.925585,81.075805
6243,12.766421,-1.05157,-3.329109,-0.064266,0.691975,-3.051377,92.164807,-34.203703,81.644258
6244,10.588435,0.073885,-2.448045,-0.156642,0.567935,-2.70269,91.825125,-32.66719,82.097444
6245,7.23498,-2.382174,-5.014629,-0.257721,0.446549,-2.125982,91.495167,-31.46668,82.437608
6246,7.443591,-0.047347,-0.591715,-1.020977,-0.059254,-1.809628,90.917787,-30.429128,82.422417
6247,7.627366,-6.722837,-3.476839,-0.548704,0.237602,-1.111876,90.519974,-29.804098,82.585539
6248,5.256028,-5.510697,-1.885128,-0.496561,0.108335,-0.396032,90.199586,-29.577365,82.65757
6249,4.553196,-5.14332,-0.84796,-0.742679,-0.000869,0.086649,89.774806,-29.638121,82.653218
6250,3.659613,-4.654373,-1.196843,-0.776591,-0.128469,0.561365,89.370958,-29.960093,82.570096
6251,3.666162,-3.508547,-1.346783,-0.835558,-0.268454,0.988906,88.977786,-30.540571,82.397541
6252,3.834409,-2.827714,-1.380351,-0.878852,-0.327605,1.395518,88.576859,-31.343773,82.197556
6253,3.658427,-2.374269,-1.487762,-0.760784,-0.369959,1.797161,88.255917,-32.391156,81.977379
6254,3.581888,-1.704527,-1.49196,-0.658733,-0.425815,2.195134,88.010748,-33.655973,81.73431
6255,3.732439,-1.411064,-1.393614,-0.605909,-0.462835,2.583729,87.809411,-35.157688,81.474078
6256,3.981503,-1.462805,-1.221265,-0.558522,-0.480977,2.944868,87.641301,-36.854407,81.215328
6257,4.255689,-1.233877,-1.044292,-0.495606,-0.489542,3.275648,87.514951,-38.754478,80.956217
6258,4.554372,-0.682677,-0.790742,-0.444717,-0.490973,3.574462,87.419354,-40.812755,80.707089
6259,5.125965,-0.214005,-0.746731,-0.435733,-0.504704,3.839115,87.341029,-43.036846,80.448739
6260,5.770477,-0.123811,-0.686433,-0.460473,-0.511088,4.085701,87.255101,-45.388816,80.19332
6261,6.288232,-0.256693,-0.745883,-0.386379,-0.51659,4.294104,87.224048,-47.874527,79.929565
6262,6.826569,-0.173304,-0.741983,-0.1855,-0.536628,4.503044,87.332289,-50.466108,79.645822
6263,7.421057,0.237761,-0.615171,-0.013985,-0.544994,4.719693,87.571823,-53.195975,79.329009
6264,8.166581,0.722306,-0.495878,0.10379,-0.545676,4.935619,87.915555,-56.033828,78.980204
6265,9.134821,0.875163,-0.484699,0.143763,-0.55415,5.140561,88.350483,-59.002878,78.560284
6266,10.197605,1.025308,-0.617361,0.241667,-0.583789,5.324447,88.955405,-62.06042,78.024501
6267,11.231341,1.083636,-0.539612,0.350892,-0.618159,5.480528,89.809765,-65.219582,77.29345
6268,12.359826,1.173436,-0.621282,0.500303,-0.65741,5.609078,91.033827,-68.430383,76.274016
6269,13.462094,1.324804,-0.654521,0.698175,-0.67415,5.699916,92.811578,-71.69734,74.806833
6270,14.677925,1.637222,-1.170514,1.028213,-0.709961,5.780519,95.567874,-74.971088,72.545533
6271,16.049275,2.342579,-2.055454,1.498262,-0.731913,5.814885,100.1011,-78.231876,68.767396
6272,17.074018,4.353052,-2.142496,1.974753,-0.760105,5.800469,108.083556,-81.354454,61.809185
6273,18.669596,5.805632,-2.025077,1.936026,-0.654342,5.806178,123.39699,-84.223929,47.495402
6274,19.670487,6.479634,-3.530614,2.116299,-0.60174,5.755061,157.888329,-86.127588,14.109348
6275,20.853751,8.624102,-3.611336,2.204689,-0.617529,5.594867,-154.938625,-85.650857,-31.908064
6276,21.598569,10.926692,-4.201446,2.09214,-0.601985,5.319082,-130.319926,-83.480961,-55.426675
6277,19.857563,12.445129,-5.52974,2.051683,-0.560443,5.049804,-119.01044,-80.895437,-65.654119
6278,18.229671,16.551739,-6.873362,2.163712,-0.730476,4.762732,-113.279297,-78.259146,-70.219589
6279,15.868234,22.807033,-7.889692,1.422292,-0.805468,4.275346,-110.359266,-75.800995,-72.380817
6280,12.61421,29.398075,-6.354011,0.188783,-1.200058,3.609761,-110.005242,-73.622402,-72.635861
6281,12.878319,32.447309,-1.39297,-1.379526,-1.447196,2.681124,-111.53686,-71.883101,-71.861238
6282,13.202057,28.799491,4.483098,-2.614736,-1.123866,1.378681,-113.896286,-70.905625,-70.952756
6283,13.807574,21.931914,7.829591,-2.499993,-0.479194,-0.056197,-116.086967,-70.814013,-70.15099
6284,13.674073,16.669317,7.324289,-1.145347,0.249279,-1.271647,-117.332376,-71.528848,-69.528759
6285,11.646235,15.369775,5.572568,0.404781,0.739848,-2.06451,-117.630523,-72.772187,-68.972343
6286,11.984103,11.534772,0.325963,1.681782,0.784369,-2.381896,-117.454456,-74.189839,-68.151155
6287,11.515427,13.827481,5.15533,1.585972,0.751965,-2.707409,-117.809459,-75.764466,-66.843007
6288,22.341557,-19.881121,-3.125684,-0.818707,1.308609,-2.105809,-117.868749,-77.181268,-67.264711
6289,11.954867,-16.446395,-5.73057,3.89928,1.398064,-1.679144,-114.268136,-78.398169,-68.662763
6290,16.194358,15.25206,0.501644,2.322264,-1.326681,-2.903827,-120.32367,-79.530246,-61.13838
6291,27.044415,24.156032,2.280069,0.412786,0.266722,-3.729795,-126.33051,-81.403256,-54.808721
6292,11.397185,8.187938,0.403454,-0.265592,0.9032,-3.197664,-132.074326,-83.151783,-49.166872
6293,7.458204,0.575617,3.017417,-0.694381,-0.447522,-2.823485,-144.82666,-84.040229,-36.735727
6294,4.951392,5.86503,0.436077,0.525345,-0.450864,-2.783386,-159.928865,-84.554694,-21.257193
6295,5.16698,12.900804,-1.585809,0.842131,-0.933352,-2.473536,-174.9615,-84.339517,-5.669751
6296,10.651976,0.621146,0.377352,-0.211745,-0.33054,-1.958512,173.795762,-84.13684,5.507542
6297,5.858796,1.288715,-1.314799,1.000724,-0.507744,-1.564335,166.498944,-83.694727,13.42214
6298,11.472385,7.485825,-0.061027,-0.106466,-0.724093,-1.54351,160.171325,-83.041735,19.730564
6299,12.333942,4.484403,1.071491,-0.336196,-0.281947,-1.349115,154.762639,-82.593552,24.987719
6300,11.822771,2.14326,0.603034,-0.215914,-0.492057,-1.199964,151.057019,-82.02826,28.601842
6301,12.211604,0.073415,-2.214209,0.207407,-0.327242,-1.143789,147.892289,-81.530858,31.9193
6302,10.168009,0.760204,-1.592554,0.565887,-0.348054,-1.058915,145.622391,-81.03046,34.543507
6303,9.979163,3.446209,-1.806753,0.4795,-0.33622,-0.95852,143.790472,-80.552605,36.67743
6304,10.023878,3.938448,-1.843885,-0.021366,-0.259025,-0.806054,142.13711,-80.155056,38.341853
6305,10.332877,3.374798,-1.846838,-0.386017,-0.220402,-0.690057,140.588663,-79.805814,39.689423
6306,10.065406,2.944733,-1.288025,-0.59329,-0.118716,-0.560445,139.143847,-79.545974,40.812268
6307,9.508343,2.57647,-0.642156,-0.664158,-0.067053,-0.437903,137.867326,-79.346958,41.723386
6308,9.468671,1.650661,-1.645861,-0.725827,0.020879,-0.360183,136.6104,-79.214801,42.579158
6309,9.299198,1.14231,-2.114173,-0.661677,0.088384,-0.304014,135.369865,-79.126081,43.4559
6310,9.700531,0.896589,-2.194343,-0.566577,0.116311,-0.267138,134.242369,-79.063645,44.273316
6311,9.907595,0.832819,-1.92216,-0.462265,0.156848,-0.262866,133.084473,-79.012525,45.182667
6312,9.748852,1.131582,-2.118132,-0.343445,0.165624,-0.271034,131.991469,-78.961476,46.095486
6313,9.056255,1.175913,-2.391414,-0.284111,0.138966,-0.272096,130.977646,-78.89316,46.962403
6314,8.371379,1.18273,-2.602421,-0.18277,0.075046,-0.27847,130.183517,-78.799188,47.664866
6315,8.020284,1.494368,-2.604322,-0.098593,0.043959,-0.274071,129.507841,-78.690382,48.295956
6316,7.911546,1.738293,-2.903804,-0.045891,0.020459,-0.276886,128.940066,-78.574146,48.848053
6317,8.08126,1.67679,-3.163613,-0.07828,0.006754,-0.263957,128.400765,-78.453943,49.352398
6318,8.28262,1.536339,-3.190908,-0.1103,-0.012531,-0.262082,127.916062,-78.330694,49.782485
6319,8.540371,1.981331,-2.376752,-0.125462,-0.041878,-0.267742,127.471676,-78.189931,50.162773
6320,8.710589,2.03278,-1.30367,-0.176617,-0.027481,-0.286191,126.96132,-78.049095,50.580672
6321,8.978604,1.901731,-0.617356,-0.171336,0.005815,-0.310248,126.341,-77.903694,51.11437
6322,9.22896,1.366919,-0.031059,-0.205525,0.062937,-0.332083,125.572133,-77.770133,51.780212
6323,9.830264,0.829578,-0.197581,-0.187594,0.041961,-0.380447,124.788517,-77.601139,52.472076
6324,10.666452,0.560769,0.357975,-0.216761,0.040621,-0.44811,123.92665,-77.401618,53.227433
6325,11.228636,0.373033,0.566341,-0.149516,0.050615,-0.555768,122.94692,-77.147443,54.143776
6326,11.226331,0.07347,0.369951,-0.037574,0.057667,-0.669459,121.916699,-76.840728,55.178802
6327,10.838899,0.225898,-0.351043,0.126213,0.075859,-0.786106,120.834881,-76.474741,56.36465
6328,10.334357,0.52904,-1.206628,0.236075,0.105568,-0.888609,119.708479,-76.064843,57.663197
6329,9.979533,1.00797,-1.587774,0.220843,0.126278,-0.97898,118.496322,-75.606082,59.043535
6330,9.842135,1.339374,-1.623845,0.124284,0.169682,-1.074008,117.141882,-75.106551,60.51681
6331,9.789867,1.137572,-1.864993,0.022154,0.201469,-1.172099,115.666351,-74.552602,62.058438
6332,9.884853,0.910286,-1.829331,-0.010256,0.240327,-1.276569,114.128215,-73.946487,63.650223
6333,10.510271,1.280428,-1.322779,0.013832,0.284516,-1.375494,112.561318,-73.283845,65.291389
6334,11.22364,1.28186,-0.570797,-0.026487,0.377132,-1.480234,110.872678,-72.575264,67.041708
6335,12.281999,0.756278,-0.34768,0.023438,0.431618,-1.556498,109.208446,-71.818774,68.803408
6336,12.844416,1.546112,-0.653412,0.122318,0.49105,-1.631802,107.608209,-71.019923,70.5653
6337,12.736304,2.277018,1.163198,0.076852,0.437174,-1.748999,106.145865,-70.130693,72.162212
6338,13.322218,3.176519,3.240872,-0.06355,0.478248,-1.849375,104.640331,-69.181289,73.728778
6339,13.746047,2.32418,1.864194,-0.261597,0.621191,-1.928815,102.927392,-68.190138,75.40599
6340,13.874118,1.14946,-0.349224,-0.34564,0.761632,-2.027145,101.103509,-67.144441,77.163344
6341,14.694462,0.749975,-1.554457,-0.413208,0.874031,-2.179956,99.218443,-66.001219,78.958948
6342,16.201653,-0.12071,-2.101057,-0.717509,1.025621,-2.348748,97.122478,-64.752165,80.81195
6343,18.459698,-2.072819,-3.474109,-0.924344,1.127435,-2.522275,94.957909,-63.381709,82.62908
6344,20.342735,-2.32941,-3.736043,-0.960845,1.169907,-2.744502,92.909232,-61.858489,84.315773
6345,22.631377,-3.096786,-3.02696,-1.131627,1.135316,-2.945188,90.98324,-60.194422,85.775271
6346,22.577938,-4.377249,-2.13559,-0.847609,1.246631,-3.101645,89.288391,-58.418675,87.180982
6347,20.367605,-1.894718,-0.176427,-0.681419,1.245291,-3.248203,87.852494,-56.542928,88.419832
6348,18.34125,1.066018,0.183516,-0.583704,1.42971,-3.32303,86.463153,-54.600422,89.698259
6349,16.11065,2.012131,-0.100704,-0.351853,1.466092,-3.375877,85.313069,-52.615147,90.875172
6350,13.98563,0.479988,-1.876728,0.650838,1.444386,-3.389775,84.856194,-50.608977,91.933408
6351,11.994312,1.109213,-2.266726,1.759628,1.391374,-3.264447,85.122153,-48.681556,92.90602
6352,10.341762,3.167582,-1.801911,2.176061,1.380201,-3.109042,85.659339,-46.842261,93.864224
6353,8.287418,3.701826,-1.294006,2.337771,1.478151,-2.830297,86.242605,-45.17113,94.913932
6354,7.01229,5.258141,-0.432417,1.624557,1.461981,-2.599016,86.448422,-43.631449,95.949787
6355,7.329862,-5.83225,-2.057105,0.902933,1.671697,-1.899674,86.138322,-42.489851,97.160061
6356,4.198016,-6.75954,-1.479311,1.796851,1.657118,-1.281625,86.35607,-41.694785,98.370753
6357,4.411448,-7.049086,-3.355661,2.176122,1.635907,-0.876734,86.803741,-41.145167,99.576867
6358,3.938366,-4.562303,-3.679467,2.644495,1.643198,-0.354373,87.510319,-40.895506,100.808583
6359,4.322409,-2.730135,-2.934807,2.462019,1.663366,-0.069059,88.098446,-40.828176,102.063976
6360,4.671296,-2.833181,-3.085264,2.54583,1.631638,0.259518,88.744977,-40.950877,103.304304
6361,4.712642,-2.667219,-3.200297,2.567358,1.660474,0.659837,89.379732,-41.322738,104.573645
6362,4.43214,-2.105219,-3.406901,2.484249,1.675617,1.023904,89.947925,-41.903555,105.861072
6363,4.328832,-1.28432,-3.570765,2.256583,1.680582,1.341738,90.366952,-42.685051,107.15794
6364,4.309882,-0.695542,-3.73861,1.947244,1.702084,1.639233,90.576115,-43.632071,108.482917
6365,4.406011,-0.325275,-3.606865,1.678452,1.730845,1.900435,90.584936,-44.741533,109.848315
6366,4.380502,-0.250481,-3.504989,1.537605,1.766347,2.15973,90.453009,-45.987928,111.271411
6367,4.571378,-0.421334,-3.620228,1.522879,1.785011,2.413184,90.25011,-47.387872,112.747742
6368,5.038282,-0.405403,-3.770526,1.765051,1.7968,2.672355,90.118103,-48.922198,114.282129
6369,5.843578,-0.21898,-3.582311,1.997981,1.846324,2.909156,90.015461,-50.601783,115.914518
6370,6.595041,-0.058457,-3.423758,2.219675,1.930615,3.115709,89.896104,-52.386035,117.69187
6371,7.471051,0.287052,-3.563235,2.436672,1.99906,3.317703,89.745547,-54.295479,119.61807
6372,8.648487,0.557009,-3.677407,2.619968,2.077818,3.496205,89.510131,-56.290918,121.730053
6373,9.740245,0.365464,-4.494277,2.896897,2.143209,3.639292,89.218476,-58.375148,124.046125
6374,10.604887,0.482886,-5.63682,3.376099,2.162095,3.747233,88.999923,-60.502796,126.545917
6375,11.586272,0.641424,-6.788204,3.899158,2.163897,3.829298,88.865433,-62.686925,129.236507
6376,12.21231,1.069216,-8.062196,4.521374,2.170675,3.883853,88.841618,-64.887159,132.150139
6377,12.611067,1.967794,-8.648785,5.033996,2.191859,3.906536,88.801091,-67.113463,135.349644
6378,12.900357,2.490869,-8.806718,5.479361,2.207514,3.869915,88.656781,-69.302684,138.885645
6379,13.521222,2.638933,-9.039127,6.066941,2.212614,3.777612,88.421511,-71.44897,142.823873
6380,13.996305,2.682392,-9.607708,6.74866,2.199561,3.654674,88.099914,-73.504615,147.215468
6381,14.17748,3.071091,-10.402419,7.422045,2.189129,3.490313,87.558562,-75.470851,152.188605
6382,14.370765,3.878387,-11.236648,7.937839,2.167479,3.300812,86.590462,-77.297782,157.863662
6383,8.562091,8.485867,-34.607301,9.636784,1.638913,3.251118,87.121535,-79.120954,162.96002
6384,17.25422,13.825696,-2.878226,6.747196,0.683236,3.002144,88.400514,-80.824389,165.586811
6385,17.362721,8.841971,-5.475612,4.927152,3.117835,2.349386,78.434895,-81.976097,178.518613
6386,10.317006,7.899925,-7.131067,5.75735,1.617228,2.317414,72.374019,-83.030966,-172.041866
6387,14.712354,7.541227,-10.679794,6.376543,2.291575,2.234007,61.235144,-83.705979,-157.151846
6388,9.33946,10.12434,-16.29003,6.362723,1.850204,2.00695,50.640375,-84.067929,-142.830973
6389,11.640119,12.922816,-17.174574,6.329247,1.329178,1.597175,42.670736,-84.219327,-131.175139
6390,9.332503,15.499338,-16.251175,5.919068,1.217044,1.1933,36.54875,-84.118253,-121.612663
6391,6.405575,16.695355,-18.125241,5.553547,0.592751,0.804362,34.135797,-84.11494,-115.988442
6392,5.01222,18.161676,-18.402297,4.918848,-0.012151,0.459301,34.867266,-84.270388,-113.891072
6393,5.646363,18.84953,-15.248037,3.311106,-0.703083,0.142791,38.571866,-84.650162,-115.706627
6394,7.910851,20.907062,-11.446118,1.473428,-0.84879,-0.203856,43.908817,-84.939627,-120.21815
6395,7.517312,21.555202,-10.976851,0.781375,-1.084321,-0.762366,53.030455,-85.031689,-128.924286
6396,9.301368,8.131037,-8.776297,-0.543855,-1.176339,-0.869007,62.296518,-84.971613,-138.538568
6397,14.866327,-8.346217,-0.007864,-0.013462,-1.035838,-0.518905,69.92466,-84.943259,-146.202529
6398,18.258895,-7.64467,2.036448,0.835049,-0.519007,-0.53717,74.590891,-84.740681,-150.407535
6399,19.516719,0.018329,3.265072,1.745259,-0.547448,-0.822418,79.988521,-84.352706,-154.823583
6400,14.491898,1.726811,-0.22845,1.798323,-0.158933,-0.993131,82.720428,-83.803711,-156.534445
6401,6.512633,2.675075,-0.250666,2.037294,-0.507462,-1.071375,87.005886,-83.220197,-159.670959
6402,6.424928,4.232203,0.733021,2.032501,-0.611115,-0.786184,91.089369,-82.775291,-162.612017
6403,8.906632,3.998768,2.782189,1.668233,-0.594478,-0.432639,94.661917,-82.51105,-165.24863
6404,10.195441,5.126991,0.902578,1.361515,-0.588071,-0.228173,97.860846,-82.343997,-167.688956
6405,10.131629,6.816213,1.465726,0.685217,-0.546801,-0.07854,100.557181,-82.248456,-170.011933
6406,9.329105,5.635303,2.357269,-0.150306,-0.505388,0.022144,102.573728,-82.202429,-172.13432
6407,9.760958,4.473214,1.370334,-0.487539,-0.552052,0.063067,104.659154,-82.160573,-174.519706
6408,11.162168,1.501734,-0.508968,-0.588634,-0.455278,0.124953,106.292324,-82.159513,-176.508945
6409,10.796235,-0.84845,-2.246701,-0.287918,-0.434844,0.106636,108.044944,-82.140995,-178.443195
6410,10.520645,-0.51968,-2.424044,0.17148,-0.40485,0.058576,109.812611,-82.096987,179.871256
6411,10.028264,0.056338,-1.954952,0.422506,-0.347673,0.033134,111.501916,-82.04091,178.411614
6412,9.738956,0.478472,-1.30147,0.593916,-0.296765,0.031436,113.018239,-81.992618,177.223854
6413,9.621012,1.271171,-0.409059,0.669715,-0.225925,0.028352,114.349763,-81.951687,176.268277
6414,9.746839,0.945738,-2.103091,0.887838,-0.137126,0.034494,115.425819,-81.935968,175.695042
6415,9.949387,0.471099,-2.661766,1.089221,-0.067823,0.029705,116.409721,-81.93027,175.333243
6416,9.951905,0.680026,-2.370432,1.19088,-0.005571,-0.011882,117.095445,-81.922148,175.329592
6417,10.463652,0.766779,-1.646493,1.288714,0.078909,-0.065099,117.493717,-81.905669,175.674821
6418,9.904233,0.479363,-1.430754,1.522971,0.200404,-0.114599,117.442203,-81.899757,176.608021
6419,9.44855,0.631424,-2.827354,2.028461,0.145301,-0.17111,117.834024,-81.847727,177.387999
6420,9.91865,1.389245,-0.34733,2.111391,0.227776,-0.156219,117.952318,-81.829051,178.490394
6421,9.250136,1.124627,0.85933,1.854814,0.299726,-0.160003,117.725727,-81.824675,179.794762
6422,9.737005,0.769145,0.376651,1.834285,0.238508,-0.176866,117.613413,-81.797766,-179.03019
6423,9.852753,1.08026,0.194554,1.792544,0.202213,-0.192268,117.641666,-81.750913,-178.01923
6424,9.972914,1.226519,0.363529,1.665396,0.1569,-0.223957,117.644893,-81.678331,-177.058442
6425,9.719836,0.580674,-0.127466,1.718396,0.125777,-0.236956,117.828731,-81.589125,-176.247339
6426,9.878493,0.464298,-0.462922,1.832858,0.111297,-0.26185,118.032471,-81.485818,-175.391828
6427,10.14617,-0.26632,-1.035055,2.002557,0.13698,-0.310692,118.225471,-81.363686,-174.42487
6428,10.586614,-1.225956,-1.642097,2.338938,0.288782,-0.346902,118.001549,-81.265713,-172.842908
6429,9.374335,-1.803575,-3.572423,2.939771,0.417573,-0.378277,117.721438,-81.184565,-170.853268
6430,9.935477,-0.94928,-3.435983,3.552052,0.562503,-0.408477,117.229612,-81.12499,-168.296071
6431,10.215533,-0.337285,-2.854569,4.102367,0.806976,-0.454345,116.256476,-81.100335,-164.929965
6432,9.813901,-1.248007,-3.88,4.702092,0.965512,-0.514621,114.961258,-81.072943,-160.892111
6433,9.172873,-1.210192,-4.190613,5.385604,1.044157,-0.572191,113.797738,-81.022596,-156.588223
6434,9.258965,0.912247,-3.490408,5.675977,1.066807,-0.617536,112.636485,-80.937773,-152.119848
6435,9.462615,3.22712,-2.061333,5.393642,1.033046,-0.686581,111.464907,-80.798279,-147.800851
6436,9.792659,3.060151,-1.422564,4.697318,0.986449,-0.740991,110.014666,-80.600743,-143.604312
6437,9.328823,2.622794,-0.544476,3.922649,0.893857,-0.798547,108.546096,-80.341887,-139.833905
6438,9.574152,1.23932,-0.187322,3.14196,0.813911,-0.85047,106.926463,-80.01921,-136.363454
6439,8.075206,-0.329327,-1.587175,2.755373,0.76301,-0.837124,105.468342,-79.68558,-133.276056
6440,9.393101,2.674607,0.405358,2.405621,0.592271,-0.861513,104.397659,-79.295559,-130.785502
6441,9.916999,5.517839,2.371001,1.797976,0.624566,-0.869843,103.058422,-78.902283,-128.370232
6442,9.205389,3.781774,0.525802,1.494996,0.579921,-0.791729,101.80327,-78.530346,-126.217117
6443,9.433487,2.831723,-0.129152,1.472345,0.471494,-0.703,101.015729,-78.195021,-124.549587
6444,9.667715,3.168631,0.489093,1.352174,0.44682,-0.670068,100.273085,-77.864587,-122.9987
6445,9.629788,2.982224,0.437937,1.292494,0.391269,-0.652393,99.73968,-77.541685,-121.692728
6446,9.981603,2.458332,0.19092,1.23218,0.377077,-0.666517,99.217573,-77.20021,-120.434406
6447,8.149706,-1.574179,-2.349167,1.212359,0.390011,-0.701643,98.715254,-76.844371,-119.204025
6448,7.993947,-2.380495,-3.959923,1.386323,0.127711,-0.756174,98.929003,-76.427109,-118.607527
6449,10.060046,2.432831,-1.781037,0.800843,0.071085,-0.848218,98.950003,-75.960703,-118.154268
6450,10.082623,6.097878,-0.352197,-0.029905,0.096289,-0.922484,98.409095,-75.446181,-117.613978
6451,8.992897,5.003502,-0.79318,-0.260328,0.123719,-0.916309,97.746,-74.943386,-117.079939
6452,8.870492,3.515521,-1.286214,0.022305,0.11443,-0.837368,97.294373,-74.47598,-116.598712
6453,9.210866,3.594402,-0.732851,0.135944,0.206449,-0.734703,96.800527,-74.079431,-116.002231
6454,9.772433,5.148626,-0.055412,-0.144797,0.217937,-0.704138,96.133685,-73.692299,-115.394696
6455,10.030207,4.793184,-0.064642,-0.523827,0.270326,-0.720883,95.202314,-73.303047,-114.733813
6456,9.668682,2.378577,-0.228984,-0.508874,0.309076,-0.741504,94.217847,-72.893877,-114.009855
6457,8.830338,-0.654028,-0.235407,-0.244991,0.378412,-0.727856,93.319746,-72.498489,-113.213672
6458,8.744556,-0.640807,0.410737,0.081482,0.329025,-0.755277,92.708388,-72.075989,-112.523105
6459,9.641653,2.802383,0.344259,0.225507,0.286385,-0.81712,92.298084,-71.622857,-111.952716
6460,9.413297,5.309714,-0.396529,0.129421,0.266116,-0.813531,91.871798,-71.162343,-111.4249
6461,8.232092,3.944601,-0.810391,0.181139,0.352952,-0.753649,91.375845,-70.743767,-110.787785
6462,8.420637,4.405083,-1.083953,0.576927,0.343342,-0.678294,91.127761,-70.359285,-110.174356
6463,9.609054,6.104104,-0.530369,0.67563,0.372495,-0.597946,90.925795,-70.027714,-109.545527
6464,9.68138,5.486684,-0.236148,0.45998,0.48981,-0.538809,90.41598,-69.722075,-108.7221
6465,9.727728,4.358654,-0.047896,0.315937,0.51746,-0.503753,89.81845,-69.440812,-107.888669
6466,9.287781,2.514084,0.149137,0.192654,0.583973,-0.478069,89.052674,-69.163403,-106.952286
6467,8.323744,2.266743,0.617998,0.174369,0.585296,-0.48426,88.312973,-68.885274,-106.050442
6468,8.727924,3.648141,0.965101,0.107135,0.506758,-0.500037,87.656748,-68.588554,-105.28064
6469,9.050911,4.384489,1.324082,-0.058559,0.507985,-0.487809,86.937249,-68.302835,-104.540561
6470,7.974672,4.054856,1.308887,-0.017814,0.467888,-0.447954,86.298993,-68.030645,-103.864208
6471,8.329022,4.909674,1.412669,0.106228,0.381434,-0.397516,85.875932,-67.795589,-103.339555
6472,8.419395,5.264716,0.783579,0.131133,0.360063,-0.345068,85.488097,-67.582763,-102.839349
6473,9.003243,4.922304,-0.035666,0.191668,0.307073,-0.298702,85.222109,-67.404669,-102.430291
6474,9.624473,4.1144,-0.088345,0.118504,0.295817,-0.269933,84.919758,-67.235883,-102.029238
6475,9.090294,3.093245,0.326266,0.013545,0.313134,-0.282179,84.552507,-67.065063,-101.620006
6476,8.361658,3.766455,0.59195,0.073008,0.235087,-0.309814,84.321448,-66.875208,-101.323711
6477,8.581724,4.547581,0.483107,0.053137,0.199858,-0.289998,84.138399,-66.7051,-101.089151
6478,7.874226,4.242845,0.424745,0.123325,0.19075,-0.23571,83.991752,-66.559355,-100.852653
6479,9.078475,5.05376,0.835664,0.165976,0.164388,-0.187381,83.910323,-66.449186,-100.65793
6480,9.279231,5.097868,0.38311,0.100776,0.211247,-0.128173,83.712629,-66.363016,-100.379421
6481,9.342333,4.96451,0.255057,0.073689,0.217558,-0.077657,83.496048,-66.311181,-100.094677
6482,9.1653,4.807711,0.731967,-0.020962,0.22717,-0.055807,83.200063,-66.264239,-99.784744
6483,8.748618,3.862811,1.16966,-0.108142,0.227738,-0.046391,82.863497,-66.228112,-99.482577
6484,8.490383,3.715402,1.346138,-0.087978,0.194583,-0.046019,82.571768,-66.187731,-99.219068
6485,8.388651,3.653776,0.979894,-0.056558,0.153844,-0.040024,82.359937,-66.159516,-99.020907
6486,8.62415,4.201241,0.837001,0.025403,0.112257,-0.029326,82.237358,-66.134158,-98.871192
6487,9.014839,5.188852,0.741236,0.067294,0.101102,0.019059,82.154074,-66.143123,-98.736018
6488,9.151105,5.427292,1.043241,-0.071812,0.123299,0.072075,81.943604,-66.174167,-98.551123
6489,9.081206,4.910795,1.000213,-0.141455,0.125331,0.116708,81.690837,-66.23581,-98.361581
6490,9.207445,5.178551,1.064665,-0.180442,0.103391,0.149364,81.427489,-66.311692,-98.187076
6491,9.185063,4.83302,1.22196,-0.284319,0.092586,0.179756,81.119901,-66.410845,-98.027365
6492,9.163997,4.324628,1.499946,-0.333934,0.061832,0.193017,80.810341,-66.514435,-97.898631
6493,8.874819,3.042349,1.168536,-0.32962,0.038641,0.20106,80.538358,-66.629742,-97.806389
6494,8.712363,3.79175,1.668738,-0.235439,-0.04321,0.187144,80.420951,-66.739528,-97.825658
6495,9.046843,4.515244,2.081779,-0.309834,-0.075004,0.170572,80.313965,-66.84832,-97.900875
6496,8.829477,4.283954,1.994867,-0.288324,-0.131386,0.186094,80.282662,-66.96605,-98.046657
6497,8.705077,4.510841,2.082985,-0.197976,-0.187364,0.201283,80.38235,-67.102756,-98.276775
6498,8.815558,4.657571,1.897995,-0.228757,-0.195272,0.213366,80.467107,-67.241858,-98.511163
6499,8.956666,3.687052,0.967854,-0.224575,-0.193718,0.226896,80.557504,-67.39302,-98.747421
6500,9.282037,2.919104,0.337264,-0.131599,-0.201837,0.240003,80.705275,-67.547463,-98.989254
6501,9.2797,3.290635,0.19819,-0.050059,-0.18934,0.217726,80.896761,-67.692658,-99.226188
6502,9.315327,3.165367,0.10712,-0.037931,-0.17364,0.185571,81.076624,-67.813191,-99.444219
6503,9.435045,2.642811,0.074079,0.02868,-0.176754,0.167462,81.312006,-67.928331,-99.679363
6504,9.521022,2.673405,0.094621,0.037011,-0.161996,0.144257,81.53175,-68.023831,-99.89375
6505,9.411283,3.259476,0.245402,-0.059303,-0.112103,0.102842,81.643462,-68.096608,-100.04954
6506,8.935945,4.015837,0.302512,-0.134501,-0.07959,0.078509,81.664645,-68.147656,-100.155632
6507,8.696665,4.500196,-0.047474,-0.10719,-0.085798,0.111508,81.711303,-68.223046,-100.270741
6508,8.888328,4.330024,-0.299247,-0.151032,-0.072801,0.141925,81.701047,-68.309453,-100.353079
6509,8.986693,3.513741,-0.418152,-0.221408,-0.053943,0.166593,81.62673,-68.413184,-100.408238
6510,9.327165,3.190546,0.029332,-0.245565,-0.042285,0.176517,81.511373,-68.516705,-100.4357
6511,9.441286,3.392124,0.414165,-0.267154,-0.035928,0.167761,81.384704,-68.61969,-100.462628
6512,9.284913,3.537085,0.698854,-0.270037,-0.025733,0.160452,81.233947,-68.712724,-100.467102
6513,9.377638,3.432105,0.870595,-0.229118,-0.035303,0.152257,81.130677,-68.806928,-100.49574
6514,9.694618,3.496385,0.984972,-0.164251,-0.019443,0.154798,81.031708,-68.896208,-100.490749
6515,9.174519,3.626696,0.899443,-0.191585,0.009518,0.161167,80.880981,-68.991454,-100.445513
6516,8.783459,3.231695,0.425931,-0.228931,0.006132,0.155616,80.705792,-69.078843,-100.39859
6517,8.792032,3.011296,0.202851,-0.260838,-0.006573,0.138708,80.542846,-69.162751,-100.382827
6518,8.897883,3.196466,0.237914,-0.305996,-0.002038,0.126112,80.341255,-69.234142,-100.354946
6519,9.003771,3.417661,0.455587,-0.378665,-5e-05,0.110214,80.107061,-69.301309,-100.335168
6520,9.109769,3.136664,0.248904,-0.390269,0.013298,0.103976,79.838373,-69.358598,-100.287205
6521,9.327505,2.819406,-0.097688,-0.369214,0.027264,0.103645,79.568793,-69.419209,-100.223876
6522,9.419403,2.401033,-0.373415,-0.336924,0.046087,0.106116,79.279076,-69.47409,-100.120849
6523,9.539664,2.062689,-0.75544,-0.244,-0.00372,0.119243,79.122387,-69.546873,-100.101413
6524,10.013624,2.382116,-0.64233,-0.170099,-0.073453,0.131297,79.100133,-69.628661,-100.181874
6525,10.342635,3.149253,-0.516577,-0.188734,-0.130761,0.152826,79.158671,-69.734415,-100.358064
6526,10.495534,5.031628,-0.695347,-0.22817,-0.168662,0.156975,79.242358,-69.840833,-100.58677
6527,10.394626,5.328872,-0.144675,-0.44878,-0.138027,0.106738,79.180275,-69.921311,-100.792789
6528,9.873463,4.579415,-0.013625,-0.391977,-0.117509,0.075337,79.116982,-69.976344,-100.964705
6529,9.633574,3.908974,-0.351352,-0.235855,-0.163453,0.106135,79.218612,-70.058858,-101.214846
6530,9.485459,3.885697,-0.017291,-0.257377,-0.178238,0.122144,79.314764,-70.1466,-101.474145
6531,9.017748,3.721375,0.033743,-0.332799,-0.181999,0.125179,79.388037,-70.241366,-101.752823
6532,8.659256,3.316529,0.003418,-0.357004,-0.204157,0.129011,79.469018,-70.33545,-102.056341
6533,8.635093,2.000918,-0.187476,-0.309182,-0.228093,0.168379,79.620508,-70.458896,-102.403296
6534,8.818506,0.966853,-0.152403,-0.179142,-0.244618,0.210381,79.849694,-70.602438,-102.755463
6535,8.566333,0.614686,-0.488625,0.037427,-0.275475,0.21646,80.271323,-70.757084,-103.177542
6536,8.620515,-0.022566,-0.933941,0.378612,-0.375846,0.234452,81.039572,-70.92454,-103.761403
6537,9.388732,0.369012,-0.73308,0.668159,-0.415339,0.252184,82.064059,-71.108336,-104.437837
6538,9.491412,1.02762,-0.627706,0.815979,-0.429035,0.271529,83.191676,-71.294077,-105.13534
6539,9.466282,1.184358,-0.690425,0.875732,-0.463787,0.284812,84.446533,-71.491408,-105.927708
6540,9.439055,1.070667,-0.644339,0.975584,-0.486905,0.318896,85.796742,-71.697056,-106.761816
6541,9.408873,1.027312,-0.67333,1.07209,-0.515184,0.354735,87.292871,-71.924578,-107.687658
6542,9.381713,1.390687,-0.621905,1.141197,-0.53787,0.37236,88.877401,-72.147928,-108.66623
6543,9.389352,1.657698,-0.602406,1.163326,-0.550709,0.387238,90.551343,-72.378483,-109.721378
6544,9.294614,1.844016,-0.745321,1.169793,-0.539739,0.395555,92.221481,-72.597344,-110.770073
6545,9.031809,2.271265,-0.89689,1.176788,-0.540488,0.39673,93.954674,-72.814765,-111.876515
6546,8.770447,2.743738,-0.716167,1.091375,-0.554479,0.403716,95.676008,-73.018313,-113.023332
6547,8.771203,2.793488,-0.674824,0.976157,-0.559343,0.399323,97.398772,-73.215924,-114.236479
6548,8.644327,3.016961,-0.572366,0.935399,-0.569398,0.385142,99.119392,-73.387108,-115.473515
6549,8.582519,3.017746,-0.303873,0.851015,-0.551439,0.37888,100.812295,-73.552493,-116.728029
6550,8.701201,2.714472,-0.124332,0.795013,-0.52673,0.37291,102.423121,-73.700617,-117.932384
6551,8.766595,2.560986,0.072656,0.789395,-0.48541,0.367159,104.002101,-73.847583,-119.103088
6552,8.696939,2.605738,0.342384,0.796483,-0.429543,0.359317,105.468249,-73.983653,-120.154228
6553,8.573454,2.669346,0.316109,0.818747,-0.368897,0.364245,106.882664,-74.13059,-121.134706
6554,8.471225,3.008849,0.09695,0.859629,-0.32225,0.383061,108.23437,-74.283665,-122.027791
6555,8.621162,3.340862,-0.010825,0.786857,-0.273517,0.408479,109.504161,-74.453194,-122.86891
6556,8.806626,3.50306,0.10898,0.655749,-0.224682,0.407857,110.609585,-74.628045,-123.626215
6557,9.058953,3.592258,0.068759,0.515079,-0.190483,0.400084,111.597653,-74.801648,-124.336128
6558,9.280034,3.741951,0.058682,0.439404,-0.152498,0.37525,112.450456,-74.967656,-124.958916
6559,9.381213,3.699758,0.090479,0.388636,-0.116405,0.347898,113.209044,-75.123886,-125.505153
6560,9.386976,3.841018,-0.007928,0.393982,-0.074847,0.308222,113.853011,-75.268116,-125.93795
6561,9.247774,4.164043,-0.076113,0.414552,-0.031547,0.246535,114.389419,-75.388164,-126.239226
6562,9.107181,4.000898,-0.215654,0.420658,-0.003651,0.196062,114.820505,-75.488852,-126.435807
6563,9.098068,3.572185,-0.378505,0.457764,0.022518,0.150233,115.192603,-75.570674,-126.542082
6564,9.183476,3.451569,-0.386094,0.511881,0.049671,0.11709,115.500275,-75.6429,-126.557138
6565,9.302226,3.591378,-0.425091,0.513438,0.080916,0.099886,115.74053,-75.7127,-126.494657
6566,9.32266,3.836759,-1.112821,0.550397,0.083014,0.059952,115.949094,-75.763756,-126.384676
6567,10.466869,6.646909,-1.013083,0.758997,-0.011966,-0.070505,116.350575,-75.722569,-126.343967
6568,11.902066,5.912086,-1.493743,0.315381,-0.019117,-0.128071,116.44453,-75.651371,-126.254648
6569,11.66917,2.805512,-0.06586,0.093011,0.125605,-0.04386,116.21141,-75.657487,-125.952646
6570,11.232636,1.648011,0.636558,-0.233544,0.167841,-0.023074,115.719114,-75.687111,-125.582859
6571,11.138079,0.675525,0.544691,-0.35455,0.244468,0.007125,115.033419,-75.747858,-125.078488
6572,9.954023,0.823562,-0.036343,-0.215268,0.267305,0.034389,114.396011,-75.829214,-124.548395
6573,9.295043,2.224272,-0.699624,0.028868,0.194253,0.014515,114.032543,-75.881137,-124.15115
6574,9.071026,3.815534,-0.982771,0.121766,0.13216,-0.040382,113.792532,-75.890112,-123.831933
6575,8.842069,3.847021,-0.802525,0.053468,0.135563,-0.065056,113.488753,-75.885306,-123.481609
6576,8.483978,3.101101,-0.529746,-0.016216,0.161295,-0.05553,113.094604,-75.892066,-123.08498
6577,8.372624,2.128127,-0.406382,-0.035426,0.160659,-0.02933,112.716758,-75.909763,-122.710239
6578,8.602045,1.658231,-0.7625,0.054978,0.135326,-0.0136,112.45375,-75.931797,-122.406814
6579,8.996959,1.788159,-1.060211,0.167208,0.099129,-0.013709,112.334598,-75.943953,-122.179745
6580,9.352328,2.057386,-1.164685,0.187362,0.065184,-0.018373,112.290849,-75.947848,-122.024187
6581,9.688028,2.259256,-1.185053,0.160072,0.046771,-0.025884,112.268798,-75.942473,-121.901715
6582,9.94014,2.254695,-0.967807,0.113219,0.044078,-0.030373,112.216928,-75.935381,-121.781572
6583,10.065575,2.229853,-0.78705,0.080807,0.049674,-0.026168,112.142259,-75.929876,-121.651005
6584,10.009292,2.299725,-0.476471,0.041722,0.050695,-0.025209,112.040014,-75.926874,-121.521155
6585,9.894068,2.317343,-0.348696,0.022042,0.056274,-0.023005,111.921433,-75.925095,-121.380784
6586,9.722382,2.390095,-0.299798,0.020583,0.051412,-0.015484,111.813903,-75.927294,-121.25797
6587,9.496929,2.453425,-0.475805,0.036378,0.040622,-0.003392,111.751862,-75.932212,-121.167057
6588,9.422429,2.489009,-0.606183,0.041265,0.025255,0.006127,111.729952,-75.940294,-121.120298
6589,9.402131,2.527222,-0.667687,0.028445,0.027446,0.013387,111.704963,-75.951342,-121.072359
6590,9.268936,2.683873,-0.656322,0.039204,0.019802,0.009844,111.696536,-75.96024,-121.04072
6591,9.11974,2.762384,-0.688878,0.01315,0.022221,0.005006,111.665765,-75.965364,-120.995742
6592,9.089515,2.492987,-0.778898,0.004723,0.013605,0.001709,111.643851,-75.968614,-120.970565
6593,9.105334,2.186204,-0.860504,0.018317,0.008282,0.010758,111.650704,-75.974017,-120.96158
6594,9.277082,2.113785,-0.904624,0.032646,-0.007246,0.013716,111.699399,-75.97925,-120.992692
6595,9.433565,2.180214,-0.96248,0.018,-0.018378,0.009865,111.762605,-75.978745,-121.042273
6596,9.633358,2.274039,-0.867244,-0.005383,-0.02584,0.011483,111.82727,-75.978819,-121.112304
6597,9.737856,2.286206,-0.753926,-0.029724,-0.028797,0.012344,111.886168,-75.976736,-121.184796
6598,9.743697,2.220313,-0.722557,-0.050916,-0.025797,0.010671,111.923947,-75.976354,-121.254005
6599,9.670246,2.148726,-0.706344,-0.042667,-0.027268,0.013158,111.973654,-75.975574,-121.325337
6600,9.562324,2.143246,-0.770033,-0.039409,-0.032208,0.017391,112.037435,-75.977356,-121.414551
6601,9.595787,2.184272,-0.766768,-0.028736,-0.047142,0.024793,112.146577,-75.978153,-121.538507
6602,9.562665,2.136533,-0.854164,-0.033732,-0.048492,0.031868,112.260816,-75.984015,-121.676374
6603,9.530867,2.310718,-0.756062,-0.005518,-0.052025,0.033699,112.401604,-75.988484,-121.819436
6604,9.49232,2.497169,-0.704766,-0.011957,-0.04655,0.031302,112.523909,-75.99432,-121.95275
