time,accel_x,accel_y,accel_z,gyro_x,gyro_y,gyro_z,mag_x,mag_y,mag_z
57.58,8.891048,-0.785393,-3.844033,-0.030676,-0.051913,-0.014754,0.0,0.0,0.0
57.59,8.886865,-0.734883,-3.927144,-0.029278,-0.065173,-0.014931,0.0,0.0,0.0
57.6,8.878798,-0.699484,-3.890441,-0.039332,-0.079941,-0.015858,0.0,0.0,0.0
57.61,8.888557,-0.719029,-3.920401,-0.064652,-0.08442,-0.016706,0.0,0.0,0.0
57.62,8.972706,-0.808175,-3.888952,-0.066667,-0.085193,-0.017442,0.0,0.0,0.0
57.63,9.020292,-0.778879,-3.813776,-0.05626,-0.083698,-0.022395,0.0,0.0,0.0
57.64,8.959178,-0.726129,-3.852162,-0.066198,-0.102299,-0.019992,0.0,0.0,0.0
57.65,8.841063,-0.665343,-3.932122,-0.073944,-0.129551,-0.026037,0.0,0.0,0.0
57.66,8.764206,-0.671382,-4.027122,-0.095691,-0.156672,-0.024793,0.0,0.0,0.0
57.67,8.770219,-0.597337,-4.077627,-0.107328,-0.177843,-0.029637,0.0,0.0,0.0
57.68,8.732837,-0.545108,-4.104205,-0.13496,-0.19967,-0.027901,0.0,0.0,0.0
57.69,8.512675,-0.553407,-4.091309,-0.14347,-0.154512,-0.024601,0.0,0.0,0.0
57.7,8.234666,-0.53004,-3.981727,-0.124217,-0.111627,-0.0261,0.0,0.0,0.0
57.71,8.126726,-0.390194,-3.790294,-0.157742,-0.183009,-0.015572,0.0,0.0,0.0
57.72,8.297261,-0.419517,-3.80569,-0.258794,-0.330783,-0.00216,0.0,0.0,0.0
57.73,8.675351,-0.536007,-4.07328,-0.333975,-0.473957,0.017863,0.0,0.0,0.0
57.74,9.064341,-0.687479,-4.540494,-0.336873,-0.498809,0.027362,0.0,0.0,0.0
57.75,9.221981,-0.782391,-5.028559,-0.271739,-0.382975,0.021931,0.0,0.0,0.0
57.76,9.290885,-0.748723,-5.242361,-0.169873,-0.214337,0.013488,0.0,0.0,0.0
57.77,9.406321,-0.659396,-5.169248,-0.100583,-0.038171,0.006984,0.0,0.0,0.0
57.78,9.336307,-0.679928,-4.872308,-0.070184,0.130691,-0.003292,0.0,0.0,0.0
57.79,9.253591,-0.656956,-4.461864,-0.036343,0.23185,-0.010774,0.0,0.0,0.0
57.8,9.133805,-0.599207,-4.074768,-0.025202,0.255582,-0.009873,0.0,0.0,0.0
57.81,9.061779,-0.580403,-3.804865,-0.085617,0.196441,-0.008579,0.0,0.0,0.0
57.82,9.108392,-0.602179,-3.795751,-0.136688,0.109941,-0.004021,0.0,0.0,0.0
57.83,9.203964,-0.580857,-3.833568,-0.18224,0.002125,0.005074,0.0,0.0,0.0
57.84,9.266845,-0.585328,-3.997115,-0.205733,-0.055685,0.011824,0.0,0.0,0.0
57.85,9.190934,-0.496449,-4.094647,-0.210964,-0.066162,0.010465,0.0,0.0,0.0
57.86,9.195747,-0.460044,-4.201974,-0.222341,-0.087409,0.014819,0.0,0.0,0.0
57.87,9.157703,-0.374945,-4.173984,-0.259448,-0.094961,0.007369,0.0,0.0,0.0
57.88,9.240743,-0.41739,-4.393032,-0.329708,-0.134586,0.015347,0.0,0.0,0.0
57.89,9.160311,-0.441574,-4.585694,-0.357425,-0.11493,0.016535,0.0,0.0,0.0
57.9,9.176704,-0.529656,-4.842625,-0.327988,-0.085464,0.019869,0.0,0.0,0.0
57.91,9.12968,-0.548673,-5.043386,-0.265827,-0.029663,0.026673,0.0,0.0,0.0
57.92,9.072907,-0.54886,-5.215333,-0.201338,0.017197,0.037604,0.0,0.0,0.0
57.93,9.197682,-0.55133,-5.367777,-0.134001,0.075922,0.058111,0.0,0.0,0.0
57.94,9.358157,-0.484065,-5.414326,-0.087765,0.176494,0.073813,0.0,0.0,0.0
57.95,9.402349,-0.459813,-5.525183,-0.075254,0.324726,0.094327,0.0,0.0,0.0
57.96,9.431065,-0.485306,-5.565888,-0.058118,0.478271,0.104055,0.0,0.0,0.0
57.97,9.509301,-0.483686,-5.39888,-0.028777,0.594359,0.122529,0.0,0.0,0.0
57.98,9.509737,-0.642013,-5.29624,-0.009539,0.691598,0.137698,0.0,0.0,0.0
57.99,9.523529,-0.613515,-5.176261,0.074812,0.829653,0.14097,0.0,0.0,0.0
58.0,9.333581,-0.567412,-4.900006,0.131658,0.897136,0.130677,0.0,0.0,0.0
58.01,9.377141,-0.546208,-4.750295,0.081831,0.861416,0.130321,0.0,0.0,0.0
58.02,9.449466,-0.715879,-4.840549,0.088356,0.840037,0.137921,0.0,0.0,0.0
58.03,9.62521,-0.746932,-4.798978,0.17706,0.83872,0.131702,0.0,0.0,0.0
58.04,9.717819,-0.765087,-4.921789,0.287529,0.915711,0.143248,0.0,0.0,0.0
58.05,9.856734,-0.950057,-5.041849,0.413459,0.950407,0.157996,0.0,0.0,0.0
58.06,9.885251,-0.92001,-5.177983,0.53421,1.030853,0.139486,0.0,0.0,0.0
58.07,9.829769,-0.950616,-5.22439,0.611983,1.219857,0.120485,0.0,0.0,0.0
58.08,9.694176,-0.85781,-5.144993,0.668445,1.39153,0.104627,0.0,0.0,0.0
58.09,9.595835,-0.802835,-5.030571,0.680287,1.368529,0.124397,0.0,0.0,0.0
58.1,9.720142,-0.126305,-5.294252,0.602594,1.239512,0.091325,0.0,0.0,0.0
58.11,9.975063,-0.08754,-6.002491,0.4617,1.305547,0.118339,0.0,0.0,0.0
58.12,10.331758,-0.140026,-6.576954,0.472219,1.276382,0.13349,0.0,0.0,0.0
58.13,10.837948,-0.30749,-6.408844,0.440738,1.494709,0.103195,0.0,0.0,0.0
58.14,11.394309,-1.2704,-6.136745,0.433236,1.684085,0.125021,0.0,0.0,0.0
58.15,11.707415,-1.707741,-5.680472,0.649975,1.913607,0.130148,0.0,0.0,0.0
58.16,11.854056,-1.448209,-4.443287,0.968964,2.144676,0.151244,0.0,0.0,0.0
58.17,12.076726,-0.896475,-3.743583,1.026707,2.085965,0.145252,0.0,0.0,0.0
58.18,12.338251,-0.635464,-3.630926,0.943236,1.949446,0.168428,0.0,0.0,0.0
58.19,12.547993,-0.816582,-3.845422,0.675212,2.017133,0.159686,0.0,0.0,0.0
58.2,13.193301,-1.427129,-3.553402,0.24934,2.256031,0.114188,0.0,0.0,0.0
58.21,13.463903,-1.977052,-3.616624,0.040797,2.431268,0.03188,0.0,0.0,0.0
58.22,13.42898,-1.924568,-2.968353,0.086039,2.660864,-0.080253,0.0,0.0,0.0
58.23,13.125013,-1.624113,-2.690634,0.415629,2.743641,-0.092927,0.0,0.0,0.0
58.24,12.822954,-1.281458,-1.610437,0.858642,2.680071,-0.010476,0.0,0.0,0.0
58.25,13.004421,-1.086405,-0.495402,1.110087,2.400936,0.11162,0.0,0.0,0.0
58.26,13.308233,-1.212768,0.063263,1.249161,2.25555,0.208147,0.0,0.0,0.0
58.27,13.555796,-1.254575,0.834524,1.064431,2.346517,0.265701,0.0,0.0,0.0
58.28,12.716879,-2.255299,0.710105,0.462926,2.561188,0.240176,0.0,0.0,0.0
58.29,11.700903,-3.045187,0.173655,0.416732,2.700067,0.154223,0.0,0.0,0.0
58.3,11.135854,-2.155259,0.746942,0.635146,2.70528,0.075565,0.0,0.0,0.0
58.31,10.673472,-0.934477,1.21277,0.717223,2.751679,0.041774,0.0,0.0,0.0
58.32,10.113222,0.093994,1.328906,0.694382,2.684315,0.025539,0.0,0.0,0.0
58.33,10.085069,0.49639,1.61325,0.618218,2.451109,0.062093,0.0,0.0,0.0
58.34,9.733966,0.229518,1.690043,0.540469,2.377362,0.141679,0.0,0.0,0.0
58.35,9.83946,-0.267145,2.156429,0.606001,2.361095,0.173652,0.0,0.0,0.0
58.36,10.093543,-0.5,2.90719,0.585138,2.20872,0.202755,0.0,0.0,0.0
58.37,9.959348,-0.971168,3.321703,0.605811,2.182089,0.242287,0.0,0.0,0.0
58.38,10.197481,-1.311164,3.574454,0.635105,1.984389,0.257035,0.0,0.0,0.0
58.39,10.439032,-1.236977,3.694492,0.713114,1.749513,0.265171,0.0,0.0,0.0
58.4,10.548119,-1.118692,3.61809,0.716638,1.615566,0.249088,0.0,0.0,0.0
58.41,10.676928,-0.830852,3.51271,0.765203,1.565876,0.246646,0.0,0.0,0.0
58.42,10.622597,-0.407767,3.38458,0.818581,1.714863,0.250067,0.0,0.0,0.0
58.43,10.378633,-0.044786,3.383498,0.806669,1.973559,0.244019,0.0,0.0,0.0
58.44,10.019728,0.17071,3.552409,0.707829,2.242792,0.226382,0.0,0.0,0.0
58.45,9.749136,0.173274,3.851197,0.58853,2.433668,0.216409,0.0,0.0,0.0
58.46,9.693641,0.187862,4.311247,0.444552,2.492018,0.204415,0.0,0.0,0.0
58.47,9.642315,0.010882,4.660109,0.291754,2.434573,0.209722,0.0,0.0,0.0
58.48,9.527137,-0.2685,4.838829,0.252379,2.395384,0.210543,0.0,0.0,0.0
58.49,9.076668,-0.493642,4.884354,0.310301,2.402849,0.190385,0.0,0.0,0.0
58.5,8.51214,-0.450664,5.116394,0.401142,2.411737,0.15552,0.0,0.0,0.0
58.51,7.976741,-0.3658,5.54857,0.389715,2.384614,0.095156,0.0,0.0,0.0
58.52,7.718995,-0.166458,6.034838,0.297614,2.170893,0.064142,0.0,0.0,0.0
58.53,7.837989,-0.110473,6.35071,0.280093,1.827494,0.054776,0.0,0.0,0.0
58.54,7.84943,-0.081546,6.407227,0.279035,1.507204,0.043277,0.0,0.0,0.0
58.55,7.400836,-0.063988,6.270962,0.454243,1.215455,0.088641,0.0,0.0,0.0
58.56,7.082285,0.027747,6.489272,0.46266,0.692664,0.131363,0.0,0.0,0.0
58.57,7.217787,-0.347688,6.492254,0.3341,0.131915,0.15807,0.0,0.0,0.0
58.58,7.338731,-0.969631,5.833616,0.325741,-0.205421,0.188355,0.0,0.0,0.0
58.59,7.139114,-0.995968,5.309409,0.545684,-0.501241,0.185236,0.0,0.0,0.0
58.6,8.195317,-0.515848,5.535449,0.511681,-0.88756,0.197949,0.0,0.0,0.0
58.61,8.270359,-0.519478,5.113819,0.393932,-1.009479,0.21528,0.0,0.0,0.0
58.62,8.200954,-0.463547,4.570235,0.47084,-1.095522,0.20747,0.0,0.0,0.0
58.63,8.123472,0.134466,4.600631,0.526672,-1.22217,0.214183,0.0,0.0,0.0
58.64,7.685662,0.172631,4.289289,0.462421,-1.256135,0.247919,0.0,0.0,0.0
58.65,6.888808,-0.019032,3.688744,0.482914,-1.328083,0.238077,0.0,0.0,0.0
58.66,7.137358,0.097111,3.740168,0.437278,-1.657777,0.244388,0.0,0.0,0.0
58.67,6.76442,-0.087624,3.274237,0.487641,-1.691859,0.258647,0.0,0.0,0.0
58.68,6.070879,0.010994,2.895826,0.626859,-1.605723,0.225762,0.0,0.0,0.0
58.69,5.771085,0.175742,2.730728,0.56926,-1.659701,0.156723,0.0,0.0,0.0
58.7,5.480383,-0.089673,2.728189,0.576384,-1.689758,0.134728,0.0,0.0,0.0
58.71,4.9884,-0.151629,2.623564,0.625575,-1.599249,0.094471,0.0,0.0,0.0
58.72,4.252923,-0.136547,2.377702,0.549636,-1.510626,0.032663,0.0,0.0,0.0
58.73,4.407157,-0.277651,2.313444,0.392918,-1.689543,0.035489,0.0,0.0,0.0
58.74,4.601424,-0.344821,2.25815,0.283556,-1.787444,0.022543,0.0,0.0,0.0
58.75,4.644944,-0.11677,2.140975,0.271886,-1.538527,0.004355,0.0,0.0,0.0
58.76,4.836598,0.370119,2.460936,0.198758,-1.429058,-0.017491,0.0,0.0,0.0
58.77,5.27274,0.632464,2.651508,0.008373,-1.419804,0.000351,0.0,0.0,0.0
58.78,5.709851,0.718674,2.671605,-0.036801,-1.331086,0.002238,0.0,0.0,0.0
58.79,6.125066,1.282778,2.808919,-0.063992,-1.341652,0.035077,0.0,0.0,0.0
58.8,6.384375,1.361046,2.305532,-0.228471,-1.350895,0.062971,0.0,0.0,0.0
58.81,6.787581,0.93949,1.756052,-0.280793,-1.34498,0.077646,0.0,0.0,0.0
58.82,7.209643,0.759336,1.592846,-0.239009,-1.268946,0.102801,0.0,0.0,0.0
58.83,7.138814,0.215176,1.711778,-0.286877,-1.074976,0.11398,0.0,0.0,0.0
58.84,6.876284,-0.72605,1.966679,-0.299828,-0.960703,0.124424,0.0,0.0,0.0
58.85,7.152948,-1.483497,2.239521,-0.293407,-0.970288,0.144663,0.0,0.0,0.0
58.86,7.849972,-2.331537,2.297678,-0.324789,-0.974285,0.18466,0.0,0.0,0.0
58.87,8.418341,-2.670558,2.500883,-0.223121,-0.891685,0.226535,0.0,0.0,0.0
58.88,8.71901,-2.341954,2.545143,-0.152319,-0.890307,0.253531,0.0,0.0,0.0
58.89,8.751921,-2.028282,2.528499,-0.104547,-0.95638,0.258203,0.0,0.0,0.0
58.9,8.435724,-1.781317,2.307659,-0.065024,-0.937869,0.236147,0.0,0.0,0.0
58.91,7.95076,-1.614328,2.082666,-0.020414,-0.91568,0.20526,0.0,0.0,0.0
58.92,7.204333,-1.172127,2.084753,0.073047,-0.796784,0.161581,0.0,0.0,0.0
58.93,6.402686,-0.864288,2.252977,0.069989,-0.765166,0.151393,0.0,0.0,0.0
58.94,5.918208,-0.656348,2.355055,0.093816,-0.831028,0.139063,0.0,0.0,0.0
58.95,5.655652,-0.446107,2.357473,0.072876,-0.86608,0.133754,0.0,0.0,0.0
58.96,5.602604,-0.489611,2.080491,0.05544,-0.895885,0.136758,0.0,0.0,0.0
58.97,5.840212,-0.694708,1.732685,0.046082,-0.894754,0.136658,0.0,0.0,0.0
58.98,6.125421,-0.925227,1.387255,0.047084,-0.816913,0.141808,0.0,0.0,0.0
58.99,6.321392,-1.222472,1.527836,0.084612,-0.689492,0.155564,0.0,0.0,0.0
59.0,6.53992,-1.269873,1.713642,0.130449,-0.695237,0.164625,0.0,0.0,0.0
59.01,6.762074,-1.373358,1.60671,0.126829,-0.732819,0.172924,0.0,0.0,0.0
59.02,7.164682,-1.58033,1.294055,0.146985,-0.779357,0.168229,0.0,0.0,0.0
59.03,7.30163,-1.591696,0.96589,0.223271,-0.813627,0.133655,0.0,0.0,0.0
59.04,7.244037,-1.502387,0.807605,0.292367,-0.778419,0.078535,0.0,0.0,0.0
59.05,7.200728,-1.445325,0.690092,0.349287,-0.771353,0.022659,0.0,0.0,0.0
59.06,7.40672,-1.536147,0.49819,0.396576,-0.776781,-0.039945,0.0,0.0,0.0
59.07,7.643881,-1.670636,0.357427,0.474641,-0.753805,-0.084237,0.0,0.0,0.0
59.08,7.920281,-1.667752,0.059881,0.546458,-0.720725,-0.121482,0.0,0.0,0.0
59.09,8.234318,-1.670887,-0.293104,0.579614,-0.684067,-0.145763,0.0,0.0,0.0
59.1,8.658319,-1.690366,-0.366685,0.6254,-0.632352,-0.150473,0.0,0.0,0.0
59.11,9.025491,-1.592754,-0.3246,0.636281,-0.594182,-0.137235,0.0,0.0,0.0
59.12,9.505676,-1.367533,-0.112809,0.607406,-0.550927,-0.114233,0.0,0.0,0.0
59.13,9.924573,-1.158858,0.029122,0.557683,-0.541392,-0.07563,0.0,0.0,0.0
59.14,10.521104,-0.945327,0.114773,0.528099,-0.597149,-0.040428,0.0,0.0,0.0
59.15,11.097872,-0.747873,-0.01201,0.481091,-0.546968,-0.001136,0.0,0.0,0.0
59.16,11.400685,-0.523033,-0.293576,0.443266,-0.531982,0.021573,0.0,0.0,0.0
59.17,11.519101,-0.452894,-0.809392,0.439945,-0.574809,0.029107,0.0,0.0,0.0
59.18,11.691521,-0.448081,-1.3644,0.474338,-0.578695,0.036848,0.0,0.0,0.0
59.19,11.530389,-0.338243,-1.795489,0.487774,-0.466027,0.055734,0.0,0.0,0.0
59.2,11.166328,-0.644056,-1.759587,0.468236,-0.391917,0.076615,0.0,0.0,0.0
59.21,10.929866,-1.138728,-1.896613,0.469002,-0.509946,0.094474,0.0,0.0,0.0
59.22,10.850092,-1.374357,-2.603821,0.527919,-0.643974,0.103464,0.0,0.0,0.0
59.23,11.429653,-2.006814,-2.756686,0.524743,-0.632745,0.1282,0.0,0.0,0.0
59.24,12.904182,-2.659414,-0.694367,0.614789,-0.342489,0.200554,0.0,0.0,0.0
59.25,13.91287,-1.111163,1.11926,0.648969,-0.302574,0.307415,0.0,0.0,0.0
59.26,15.084716,-0.286952,0.592474,0.332709,-0.489574,0.463505,0.0,0.0,0.0
59.27,15.609435,0.405283,-0.128108,0.292888,-0.354709,0.536584,0.0,0.0,0.0
59.28,14.768772,1.812437,0.468001,0.181642,-0.109943,0.442682,0.0,0.0,0.0
59.29,13.144733,0.881385,0.367395,-0.188495,-0.084415,0.288638,0.0,0.0,0.0
59.3,12.61661,-0.886645,0.313077,-0.047214,-0.244224,0.114282,0.0,0.0,0.0
59.31,12.320659,-1.204957,1.421332,0.084649,-0.218407,-0.035441,0.0,0.0,0.0
59.32,12.12538,-2.110039,2.49951,0.070349,-0.119225,-0.094355,0.0,0.0,0.0
59.33,11.934455,-2.085215,3.831469,0.197813,0.035038,-0.097802,0.0,0.0,0.0
59.34,11.476613,-1.472591,4.010802,0.25039,0.033351,-0.081281,0.0,0.0,0.0
59.35,11.586813,-0.93143,3.478149,0.282857,0.014717,-0.031886,0.0,0.0,0.0
59.36,11.716571,-0.420665,3.127842,0.35947,0.088055,0.029159,0.0,0.0,0.0
59.37,11.674068,-0.59228,3.158403,0.286911,0.139918,0.09503,0.0,0.0,0.0
59.38,11.429949,-1.605265,2.99468,0.197735,0.15487,0.152692,0.0,0.0,0.0
59.39,10.934431,-2.561895,2.542027,0.146234,0.105032,0.171508,0.0,0.0,0.0
59.4,10.985473,-3.166061,2.041922,0.146874,-0.034848,0.125454,0.0,0.0,0.0
59.41,11.16171,-3.261586,1.7768,0.241189,-0.124327,0.046266,0.0,0.0,0.0
59.42,11.434817,-2.91031,1.833059,0.298039,-0.116139,-0.069296,0.0,0.0,0.0
59.43,11.393818,-2.232574,1.827047,0.363735,-0.128716,-0.178413,0.0,0.0,0.0
59.44,10.993344,-1.396828,1.60429,0.360415,-0.137818,-0.266346,0.0,0.0,0.0
59.45,10.412861,-0.741637,1.398863,0.344748,-0.113624,-0.322674,0.0,0.0,0.0
59.46,9.813352,-0.315448,1.322768,0.343331,-0.08961,-0.349171,0.0,0.0,0.0
59.47,9.154064,-0.038009,1.268342,0.331389,-0.098827,-0.362182,0.0,0.0,0.0
59.48,8.670702,0.172228,1.148634,0.315561,-0.134121,-0.3496,0.0,0.0,0.0
59.49,8.329886,0.29464,0.906759,0.282265,-0.163343,-0.334661,0.0,0.0,0.0
59.5,8.088618,0.269221,0.697984,0.258668,-0.181371,-0.310265,0.0,0.0,0.0
59.51,7.775272,0.271538,0.520763,0.280518,-0.182654,-0.291903,0.0,0.0,0.0
59.52,7.652899,0.276799,0.396435,0.277142,-0.167031,-0.275539,0.0,0.0,0.0
59.53,7.565425,0.300364,0.372835,0.298719,-0.129404,-0.269603,0.0,0.0,0.0
59.54,7.307427,0.303773,0.399266,0.309404,-0.094344,-0.258421,0.0,0.0,0.0
59.55,7.008468,0.379866,0.488639,0.298747,-0.047362,-0.256369,0.0,0.0,0.0
59.56,6.659556,0.552535,0.441772,0.260791,-0.061093,-0.24612,0.0,0.0,0.0
59.57,6.336611,0.654274,0.448118,0.20399,-0.076906,-0.245364,0.0,0.0,0.0
59.58,6.297095,0.819014,0.316704,0.155578,-0.14114,-0.240922,0.0,0.0,0.0
59.59,6.13028,0.849051,0.101421,0.066728,-0.143062,-0.233528,0.0,0.0,0.0
59.6,6.248762,0.961226,-0.1088,0.026907,-0.155721,-0.221788,0.0,0.0,0.0
59.61,6.237887,1.01546,-0.216761,-0.048099,-0.171279,-0.203479,0.0,0.0,0.0
59.62,6.355547,1.014048,-0.316131,-0.116187,-0.163574,-0.184819,0.0,0.0,0.0
59.63,6.54713,0.981019,-0.404126,-0.175861,-0.150299,-0.164483,0.0,0.0,0.0
59.64,6.683439,0.840096,-0.476469,-0.234275,-0.128063,-0.145641,0.0,0.0,0.0
59.65,6.84295,0.632869,-0.62154,-0.273101,-0.125411,-0.114344,0.0,0.0,0.0
59.66,7.010454,0.49635,-0.780331,-0.312348,-0.116675,-0.075885,0.0,0.0,0.0
59.67,7.204165,0.385354,-1.054657,-0.369945,-0.153516,-0.020597,0.0,0.0,0.0
59.68,7.465756,0.299337,-1.278109,-0.423225,-0.167374,0.05125,0.0,0.0,0.0
59.69,7.505034,0.362242,-1.726561,-0.439452,-0.156141,0.116344,0.0,0.0,0.0
59.7,7.530637,0.517216,-1.818609,-0.490414,-0.210699,0.181523,0.0,0.0,0.0
59.71,7.702274,0.565734,-1.684606,-0.506773,-0.235954,0.209623,0.0,0.0,0.0
59.72,7.808637,0.652824,-1.376806,-0.515661,-0.250089,0.228968,0.0,0.0,0.0
59.73,8.002688,0.552128,-1.185093,-0.529368,-0.291706,0.221122,0.0,0.0,0.0
59.74,8.637448,0.36494,-0.776433,-0.455684,-0.31574,0.199368,0.0,0.0,0.0
59.75,9.447679,0.005426,-0.422095,-0.421447,-0.246947,0.173375,0.0,0.0,0.0
59.76,10.42175,-0.763279,-0.17518,-0.327041,-0.124409,0.143949,0.0,0.0,0.0
59.77,11.496694,-1.2766,0.553918,-0.007055,0.171397,0.111061,0.0,0.0,0.0
59.78,11.530134,-1.186673,0.503106,0.165636,0.322831,0.084267,0.0,0.0,0.0
59.79,11.679386,-1.695247,-0.314275,0.021605,-0.001326,0.021061,0.0,0.0,0.0
59.8,12.311844,-4.06242,-1.668537,-0.189486,-0.234174,-0.089275,0.0,0.0,0.0
59.81,12.320515,-3.912567,-3.11816,0.085806,-0.188958,-0.196268,0.0,0.0,0.0
59.82,12.194341,-2.491357,-3.139964,0.039265,-0.084741,-0.274064,0.0,0.0,0.0
59.83,12.513422,-1.500846,-2.662791,0.124018,-0.04359,-0.337109,0.0,0.0,0.0
59.84,13.328558,1.092698,-1.271947,0.216761,-0.167649,-0.429318,0.0,0.0,0.0
59.85,14.624259,1.689171,-0.560862,-0.270005,-0.379322,-0.555246,0.0,0.0,0.0
59.86,15.59144,0.446396,-0.701781,-0.368624,-0.296019,-0.687332,0.0,0.0,0.0
59.87,14.754771,-0.236601,-1.278064,-0.447428,-0.135799,-0.735007,0.0,0.0,0.0
59.88,13.876353,1.10894,-1.647481,-0.142211,-0.177486,-0.691872,0.0,0.0,0.0
59.89,13.094404,3.207075,-0.410041,-0.247911,-0.094965,-0.576142,0.0,0.0,0.0
59.9,12.234032,1.975044,0.247479,-0.795952,-0.230003,-0.435835,0.0,0.0,0.0
59.91,12.100333,0.874722,0.40629,-0.741459,-0.357682,-0.327185,0.0,0.0,0.0
59.92,11.771329,1.031537,0.97436,-0.651989,-0.217664,-0.26097,0.0,0.0,0.0
59.93,10.852575,0.65406,1.852567,-0.615854,-0.008194,-0.21234,0.0,0.0,0.0
59.94,9.880928,-0.347478,2.710608,-0.574032,0.077955,-0.184498,0.0,0.0,0.0
59.95,9.376689,-1.606556,2.573065,-0.624009,-0.009826,-0.177706,0.0,0.0,0.0
59.96,9.58473,-2.288684,1.703169,-0.506149,-0.081015,-0.203523,0.0,0.0,0.0
59.97,9.946701,-2.552835,1.280728,-0.39673,0.048146,-0.252423,0.0,0.0,0.0
59.98,10.254062,-2.472709,1.478955,-0.27124,0.229443,-0.300211,0.0,0.0,0.0
59.99,10.787069,-1.830491,1.961448,-0.192085,0.346792,-0.334172,0.0,0.0,0.0
60.0,11.346733,-1.128859,2.331062,-0.194593,0.316684,-0.335332,0.0,0.0,0.0
60.01,11.917547,-0.699536,2.059027,-0.208239,0.155061,-0.286091,0.0,0.0,0.0
60.02,12.593762,-0.313051,1.616913,-0.172931,0.034089,-0.186174,0.0,0.0,0.0
60.03,12.862149,-0.091889,1.194582,-0.119354,-0.014572,-0.051451,0.0,0.0,0.0
60.04,12.450346,-0.02548,1.022028,-0.058959,-0.03625,0.079574,0.0,0.0,0.0
60.05,11.683355,-0.227545,1.128051,-0.021912,-0.067837,0.184671,0.0,0.0,0.0
60.06,11.122227,-0.794202,1.135755,-0.038981,-0.10164,0.263733,0.0,0.0,0.0
60.07,10.501797,-1.217314,0.981106,0.028058,-0.122044,0.312414,0.0,0.0,0.0
60.08,9.976486,-1.325651,0.834639,0.085517,-0.101917,0.336777,0.0,0.0,0.0
60.09,9.550952,-1.462107,0.807025,0.115297,-0.089503,0.343376,0.0,0.0,0.0
60.1,9.319673,-1.51731,0.760746,0.155833,-0.083447,0.342234,0.0,0.0,0.0
60.11,9.054488,-1.497633,0.671829,0.184249,-0.073756,0.326387,0.0,0.0,0.0
60.12,8.807364,-1.466038,0.612761,0.208312,-0.060084,0.314209,0.0,0.0,0.0
60.13,8.454453,-1.552237,0.493087,0.228192,-0.02236,0.294973,0.0,0.0,0.0
60.14,8.07439,-1.417782,0.536172,0.278901,0.01169,0.286321,0.0,0.0,0.0
60.15,7.659294,-1.298268,0.525376,0.291758,0.044361,0.276424,0.0,0.0,0.0
60.16,7.260565,-1.08333,0.454544,0.322161,0.067989,0.263536,0.0,0.0,0.0
60.17,6.843728,-0.922068,0.477065,0.324537,0.053816,0.251729,0.0,0.0,0.0
60.18,6.538947,-0.704536,0.450518,0.338916,0.024145,0.24124,0.0,0.0,0.0
60.19,6.271114,-0.528688,0.326219,0.302363,-0.026879,0.222169,0.0,0.0,0.0
60.2,6.067978,-0.462917,0.10972,0.285184,-0.041213,0.201982,0.0,0.0,0.0
60.21,5.988837,-0.615792,-0.070671,0.223881,-0.033187,0.170457,0.0,0.0,0.0
60.22,5.912118,-0.658316,-0.224137,0.241465,-0.014908,0.133634,0.0,0.0,0.0
60.23,5.883384,-0.597934,-0.227956,0.201916,-0.001191,0.091014,0.0,0.0,0.0
60.24,5.951701,-0.67449,-0.396861,0.171515,-0.009694,0.04103,0.0,0.0,0.0
60.25,6.096032,-0.683754,-0.595426,0.168948,-0.043566,-0.021457,0.0,0.0,0.0
60.26,6.179064,-0.595092,-0.723438,0.192514,-0.041503,-0.085047,0.0,0.0,0.0
60.27,6.299885,-0.709613,-0.762274,0.170219,-0.072505,-0.154745,0.0,0.0,0.0
60.28,6.321623,-0.967,-0.794322,0.171071,-0.121356,-0.206204,0.0,0.0,0.0
60.29,6.528994,-1.08632,-0.891256,0.1694,-0.217981,-0.258067,0.0,0.0,0.0
60.3,6.977888,-1.189895,-1.243176,0.121632,-0.283523,-0.308148,0.0,0.0,0.0
60.31,7.551212,-1.32625,-1.43132,0.108611,-0.301695,-0.37277,0.0,0.0,0.0
60.32,8.02045,-1.392976,-1.293933,0.07527,-0.278942,-0.423058,0.0,0.0,0.0
60.33,8.209436,-1.428973,-1.327292,0.078088,-0.300629,-0.459585,0.0,0.0,0.0
60.34,8.56123,-1.257355,-1.506553,0.069388,-0.342713,-0.471721,0.0,0.0,0.0
60.35,9.194233,-0.968237,-1.639407,0.064831,-0.310839,-0.467594,0.0,0.0,0.0
60.36,9.964313,-0.355668,-1.372456,0.153428,-0.160181,-0.457732,0.0,0.0,0.0
60.37,10.11161,0.705193,-0.638937,0.211451,-0.149113,-0.434775,0.0,0.0,0.0
60.38,10.392126,1.294933,0.044761,0.022011,-0.305796,-0.350268,0.0,0.0,0.0
60.39,10.79928,1.147386,-0.109715,-0.243689,-0.366891,-0.211677,0.0,0.0,0.0
60.4,11.048454,0.870495,-0.967414,-0.434545,-0.30197,-0.090852,0.0,0.0,0.0
60.41,11.285138,0.720394,-1.829163,-0.463854,-0.356203,0.01572,0.0,0.0,0.0
60.42,11.813624,0.875665,-2.499457,-0.385177,-0.44526,0.063489,0.0,0.0,0.0
60.43,11.291347,0.834484,-3.208535,-0.316135,-0.386746,0.024107,0.0,0.0,0.0
60.44,11.087071,-0.893254,-3.747042,-0.351287,-0.298543,-0.03551,0.0,0.0,0.0
60.45,11.83724,-2.905088,-3.357454,-0.240984,-0.113296,-0.058391,0.0,0.0,0.0
60.46,13.071948,-4.625983,-0.609976,-0.001424,0.109345,-0.068106,0.0,0.0,0.0
60.47,15.00578,-4.293602,3.848444,0.561101,0.616892,-0.060967,0.0,0.0,0.0
60.48,16.243823,-0.693783,8.358118,0.186976,0.745791,0.060108,0.0,0.0,0.0
60.49,16.648204,1.568874,5.904654,-0.706821,-0.005006,0.243731,0.0,0.0,0.0
60.5,14.36295,3.825732,1.336431,-0.488101,-0.409592,0.224472,0.0,0.0,0.0
60.51,9.864417,2.098363,-1.005811,-1.015845,0.036235,0.145473,0.0,0.0,0.0
60.52,6.714218,-0.600583,-0.001504,-0.594718,0.307273,0.118882,0.0,0.0,0.0
60.53,6.81127,0.629752,2.945562,-0.19939,0.100622,0.135579,0.0,0.0,0.0
60.54,7.75746,0.173782,3.774985,-0.776319,-0.089564,0.207123,0.0,0.0,0.0
60.55,9.043992,-1.540691,2.793435,-0.784752,-0.205447,0.241163,0.0,0.0,0.0
60.56,10.804273,-0.898381,2.404372,-0.677656,-0.193146,0.207625,0.0,0.0,0.0
60.57,12.311636,-0.556042,1.580603,-0.875766,-0.080928,0.139724,0.0,0.0,0.0
60.58,13.522452,0.099105,1.724597,-0.816721,0.014098,0.069248,0.0,0.0,0.0
60.59,13.623899,1.001112,2.20859,-0.999768,0.058803,0.002059,0.0,0.0,0.0
60.6,13.127944,1.219052,1.956386,-1.186097,-0.012614,-0.050691,0.0,0.0,0.0
60.61,12.80592,1.420438,1.80528,-1.290228,-0.074598,-0.066662,0.0,0.0,0.0
60.62,12.64081,1.625676,1.635715,-1.367096,-0.084938,-0.066577,0.0,0.0,0.0
60.63,12.331607,2.233556,1.729216,-1.425605,-0.073204,-0.041617,0.0,0.0,0.0
60.64,12.289613,2.482857,1.677437,-1.660995,-0.120479,0.00099,0.0,0.0,0.0
60.65,12.204423,2.122181,1.369401,-1.845906,-0.093946,0.035336,0.0,0.0,0.0
60.66,11.983661,1.714999,1.431355,-2.019818,-0.032226,0.045369,0.0,0.0,0.0
60.67,11.638865,1.526186,1.616695,-2.185644,0.011607,0.043131,0.0,0.0,0.0
60.68,11.298772,1.833367,1.831654,-2.32455,0.040649,0.03206,0.0,0.0,0.0
60.69,10.927897,2.418889,1.720936,-2.488657,0.053799,0.016397,0.0,0.0,0.0
60.7,10.623024,2.714383,1.171147,-2.688349,0.049099,-0.010223,0.0,0.0,0.0
60.71,10.415493,2.646576,0.605576,-2.843171,0.107503,-0.044633,0.0,0.0,0.0
60.72,10.228885,2.512618,0.389272,-2.95281,0.207774,-0.081134,0.0,0.0,0.0
60.73,9.970161,2.365462,0.408095,-3.049278,0.266616,-0.112378,0.0,0.0,0.0
60.74,9.526963,2.165016,0.354791,-3.165061,0.268094,-0.133631,0.0,0.0,0.0
60.75,9.200902,1.90361,0.085183,-3.305163,0.226712,-0.138503,0.0,0.0,0.0
60.76,8.931022,1.653029,-0.299189,-3.42102,0.239913,-0.14823,0.0,0.0,0.0
60.77,8.717726,1.59056,-0.463802,-3.529159,0.296027,-0.157171,0.0,0.0,0.0
60.78,8.537062,1.556851,-0.502095,-3.643425,0.324706,-0.172219,0.0,0.0,0.0
60.79,8.507163,1.361824,-0.836873,-3.736622,0.349868,-0.179415,0.0,0.0,0.0
60.8,8.326478,1.233924,-1.054908,-3.788933,0.383533,-0.197346,0.0,0.0,0.0
60.81,8.150418,1.12225,-1.307579,-3.819494,0.374643,-0.217064,0.0,0.0,0.0
60.82,8.020123,0.792399,-1.380569,-3.868396,0.317882,-0.227162,0.0,0.0,0.0
60.83,7.696171,0.186225,-1.566812,-3.93219,0.304015,-0.236567,0.0,0.0,0.0
60.84,7.392397,-0.326517,-1.788212,-3.945167,0.238093,-0.217735,0.0,0.0,0.0
60.85,7.455099,-0.737328,-1.976011,-3.94036,0.185584,-0.191468,0.0,0.0,0.0
60.86,7.642802,-1.180416,-2.260517,-3.92939,0.209127,-0.147886,0.0,0.0,0.0
60.87,7.923164,-1.658277,-2.324277,-3.868302,0.286296,-0.093774,0.0,0.0,0.0
60.88,7.814834,-2.003186,-2.231299,-3.816384,0.388265,-0.011269,0.0,0.0,0.0
60.89,7.746616,-2.12195,-2.181032,-3.762956,0.430096,0.057762,0.0,0.0,0.0
60.9,7.946032,-2.097269,-1.885247,-3.67641,0.465792,0.089308,0.0,0.0,0.0
60.91,7.845904,-2.014464,-1.181877,-3.584582,0.475954,0.102256,0.0,0.0,0.0
60.92,7.612038,-2.082888,-0.771388,-3.51549,0.32006,0.085778,0.0,0.0,0.0
60.93,7.617422,-2.412337,-0.785974,-3.422318,0.21465,0.051334,0.0,0.0,0.0
60.94,8.245446,-1.758858,-0.600087,-2.942276,0.240266,-0.051055,0.0,0.0,0.0
60.95,8.462123,-0.758728,0.495967,-2.76481,0.303058,-0.124311,0.0,0.0,0.0
60.96,8.744742,-1.487069,0.068258,-2.829396,0.158281,-0.141726,0.0,0.0,0.0
60.97,9.119639,-2.135834,-1.032252,-2.644244,0.11743,-0.138845,0.0,0.0,0.0
60.98,9.150967,-2.786272,-2.080887,-2.679068,0.181303,-0.11718,0.0,0.0,0.0
60.99,9.284601,-3.59125,-2.969015,-2.649773,0.200191,-0.100617,0.0,0.0,0.0
61.0,9.467716,-3.22608,-3.045066,-2.517184,0.200075,-0.106889,0.0,0.0,0.0
61.01,9.370514,-2.442271,-3.020691,-2.511195,0.098276,-0.141926,0.0,0.0,0.0
61.02,9.606477,-1.703356,-2.858453,-2.524677,-0.064032,-0.228498,0.0,0.0,0.0
61.03,9.332634,-1.083483,-2.97061,-2.594289,-0.22201,-0.314339,0.0,0.0,0.0
61.04,8.919845,-0.579499,-3.195748,-2.635708,-0.398125,-0.370828,0.0,0.0,0.0
61.05,9.108595,0.08127,-2.744508,-2.733654,-0.426551,-0.386749,0.0,0.0,0.0
61.06,9.593428,0.154545,-1.613304,-2.833129,-0.223416,-0.366647,0.0,0.0,0.0
61.07,9.48712,-0.300543,0.323383,-2.909589,-0.033193,-0.328639,0.0,0.0,0.0
61.08,11.450963,-0.746726,4.685279,-2.860117,0.128004,-0.409082,0.0,0.0,0.0
61.09,13.886049,-3.37626,7.698696,-2.919271,0.620004,-0.550348,0.0,0.0,0.0
61.1,14.114383,-6.379358,7.162983,-2.565281,0.692708,-0.698478,0.0,0.0,0.0
61.11,14.237941,-8.437493,3.356385,-2.830504,-0.040424,-0.849916,0.0,0.0,0.0
61.12,12.3714,-5.206678,-0.873867,-2.129608,0.221828,-1.006298,0.0,0.0,0.0
61.13,10.151582,0.968455,1.394426,-1.992133,0.595639,-1.010878,0.0,0.0,0.0
61.14,10.143599,0.473891,3.349199,-2.884999,0.14308,-0.900995,0.0,0.0,0.0
61.15,10.63295,0.980187,2.453416,-2.633443,-0.155898,-0.831911,0.0,0.0,0.0
61.16,11.428447,2.344434,1.927295,-2.732978,-0.221654,-0.785473,0.0,0.0,0.0
61.17,12.79059,2.135721,1.366971,-2.816873,-0.221503,-0.691265,0.0,0.0,0.0
61.18,13.873419,1.926284,0.964038,-2.800438,-0.084527,-0.519811,0.0,0.0,0.0
61.19,14.229683,1.158911,0.686377,-2.854004,0.031107,-0.306866,0.0,0.0,0.0
61.2,13.621585,0.290148,0.785692,-2.856284,0.111674,-0.086601,0.0,0.0,0.0
61.21,12.850627,-0.451455,0.84137,-2.96457,0.066461,0.106999,0.0,0.0,0.0
61.22,11.995961,-1.207924,0.301156,-3.044421,-0.004882,0.226748,0.0,0.0,0.0
61.23,11.365779,-1.210619,-0.345986,-3.044531,-0.05974,0.283815,0.0,0.0,0.0
61.24,11.236978,-0.931722,-0.634972,-3.11691,-0.079345,0.293625,0.0,0.0,0.0
61.25,11.277848,-0.828948,-0.770142,-3.182342,-0.029758,0.243456,0.0,0.0,0.0
61.26,11.058959,-0.515648,-0.735924,-3.176893,-0.018997,0.158143,0.0,0.0,0.0
61.27,10.682706,-0.153424,-0.812528,-3.190257,-0.035943,0.088939,0.0,0.0,0.0
61.28,10.143416,0.089027,-0.910839,-3.176976,-0.016908,0.042314,0.0,0.0,0.0
61.29,9.67211,0.24769,-0.859993,-3.187922,0.03299,0.014547,0.0,0.0,0.0
61.3,9.44498,0.048174,-0.815818,-3.228988,0.064488,0.009812,0.0,0.0,0.0
61.31,9.257113,-0.209213,-0.792517,-3.264496,0.09279,0.012489,0.0,0.0,0.0
61.32,9.010832,-0.646252,-0.948916,-3.309607,0.104532,0.022635,0.0,0.0,0.0
61.33,8.681088,-1.024693,-1.041359,-3.31919,0.126789,0.023494,0.0,0.0,0.0
61.34,8.384151,-1.272076,-1.132748,-3.352945,0.132861,0.023524,0.0,0.0,0.0
61.35,8.303501,-1.675505,-1.206922,-3.353559,0.113938,0.007355,0.0,0.0,0.0
61.36,8.202101,-2.191379,-1.269146,-3.31193,0.107153,-0.015148,0.0,0.0,0.0
61.37,8.124479,-2.557518,-1.351779,-3.239484,0.048086,-0.032075,0.0,0.0,0.0
61.38,8.110073,-2.949757,-1.440917,-3.165638,-0.006784,-0.041224,0.0,0.0,0.0
61.39,8.008695,-3.331184,-1.566668,-3.053001,-0.029064,-0.055694,0.0,0.0,0.0
61.4,7.947088,-3.642596,-1.644579,-2.916039,-0.027597,-0.05561,0.0,0.0,0.0
61.41,7.784311,-3.763015,-1.573777,-2.784412,0.060384,-0.055322,0.0,0.0,0.0
61.42,7.54691,-4.053966,-1.321935,-2.693031,0.115255,-0.065193,0.0,0.0,0.0
61.43,7.322951,-4.060858,-1.115326,-2.58373,0.142898,-0.080869,0.0,0.0,0.0
61.44,7.331042,-3.763346,-0.987858,-2.456504,0.09146,-0.118568,0.0,0.0,0.0
61.45,7.342579,-3.573206,-0.84235,-2.334493,0.055403,-0.166922,0.0,0.0,0.0
61.46,7.064711,-3.69665,-0.897809,-2.218723,0.009151,-0.221822,0.0,0.0,0.0
61.47,7.047116,-3.830757,-1.098758,-2.09013,-0.080068,-0.249405,0.0,0.0,0.0
61.48,7.189197,-3.988875,-1.42789,-1.972192,-0.1219,-0.266121,0.0,0.0,0.0
61.49,7.22528,-4.120242,-1.697039,-1.805554,-0.097257,-0.274899,0.0,0.0,0.0
61.5,7.187262,-4.159442,-1.720855,-1.649922,-0.087867,-0.278474,0.0,0.0,0.0
61.51,7.203748,-4.091362,-1.615489,-1.505467,-0.120906,-0.278127,0.0,0.0,0.0
61.52,7.494731,-4.038808,-1.454763,-1.386853,-0.132004,-0.280844,0.0,0.0,0.0
61.53,7.908878,-3.535761,-0.677077,-1.148741,-0.034849,-0.307661,0.0,0.0,0.0
61.54,7.565307,-2.624039,-0.506725,-1.035771,-0.185376,-0.324519,0.0,0.0,0.0
61.55,7.945103,-2.573009,-1.378646,-1.002365,-0.294427,-0.301844,0.0,0.0,0.0
61.56,8.028084,-2.428883,-1.721723,-0.898639,-0.190461,-0.247896,0.0,0.0,0.0
61.57,8.075426,-2.387695,-1.721678,-0.889211,-0.202622,-0.164607,0.0,0.0,0.0
61.58,8.800752,-2.414905,-1.608431,-0.904592,-0.325722,-0.043842,0.0,0.0,0.0
61.59,9.887764,-2.63001,-1.715714,-0.976002,-0.431714,0.084828,0.0,0.0,0.0
61.6,10.862333,-3.052674,-2.054376,-0.993072,-0.470943,0.187193,0.0,0.0,0.0
61.61,11.58647,-3.12219,-2.338721,-0.949115,-0.441286,0.226905,0.0,0.0,0.0
61.62,11.613232,-3.265093,-3.006036,-0.909861,-0.355964,0.17364,0.0,0.0,0.0
61.63,11.690734,-3.421105,-3.373215,-0.829244,-0.353624,0.086236,0.0,0.0,0.0
61.64,12.015041,-3.817014,-3.525132,-0.794301,-0.372548,-0.016595,0.0,0.0,0.0
61.65,11.850448,-4.26704,-4.040518,-0.733519,-0.400586,-0.096424,0.0,0.0,0.0
61.66,11.762142,-4.18109,-4.139788,-0.664277,-0.396551,-0.130756,0.0,0.0,0.0
61.67,12.125697,-3.975826,-2.759751,-0.618664,-0.271614,-0.128128,0.0,0.0,0.0
61.68,13.068714,-2.976263,-0.46628,-0.618506,-0.302454,-0.064132,0.0,0.0,0.0
61.69,14.615609,-2.080976,1.040407,-0.763353,-0.317999,0.065372,0.0,0.0,0.0
61.7,15.242537,-0.690752,1.502321,-0.712066,-0.197819,0.186962,0.0,0.0,0.0
61.71,13.546336,0.749971,0.602651,-0.782752,-0.2021,0.26293,0.0,0.0,0.0
61.72,11.516941,-0.110991,-0.969142,-1.208431,-0.373905,0.255596,0.0,0.0,0.0
61.73,10.995539,-1.348104,-0.871241,-1.213974,-0.24449,0.13574,0.0,0.0,0.0
61.74,10.064898,-1.354775,0.076885,-0.970394,-0.078092,-0.039981,0.0,0.0,0.0
61.75,10.143907,-1.111569,1.403009,-0.947821,-0.096878,-0.181742,0.0,0.0,0.0
61.76,10.238515,-1.652235,2.490505,-0.986605,-0.057103,-0.226951,0.0,0.0,0.0
61.77,9.93124,-1.581686,2.397061,-0.894831,-0.124605,-0.20389,0.0,0.0,0.0
61.78,10.06236,-1.463974,2.29767,-0.939324,-0.017356,-0.151441,0.0,0.0,0.0
61.79,10.370393,-0.96522,2.767673,-0.902952,0.141745,-0.051979,0.0,0.0,0.0
61.8,10.854671,-0.217335,3.03278,-0.980729,0.096559,0.066097,0.0,0.0,0.0
61.81,11.680614,-0.031576,2.520182,-1.086846,0.020765,0.157938,0.0,0.0,0.0
61.82,11.872624,-0.373759,2.057982,-1.087414,0.117124,0.199732,0.0,0.0,0.0
61.83,11.566678,-0.649813,1.978407,-1.038361,0.203253,0.176243,0.0,0.0,0.0
61.84,11.65744,-1.033948,2.046286,-1.037271,0.163006,0.110912,0.0,0.0,0.0
61.85,12.100472,-1.697895,1.863498,-1.0402,0.125631,0.037375,0.0,0.0,0.0
61.86,12.709673,-1.994847,1.571179,-0.945942,0.052716,-0.024591,0.0,0.0,0.0
61.87,12.978203,-1.753446,1.228682,-0.907827,0.020052,-0.078747,0.0,0.0,0.0
61.88,12.32561,-1.402171,1.090432,-0.889582,0.084511,-0.115415,0.0,0.0,0.0
61.89,11.488489,-1.121576,1.003009,-0.906587,0.098642,-0.137653,0.0,0.0,0.0
61.9,10.579321,-0.734831,0.954669,-0.876701,0.109948,-0.149157,0.0,0.0,0.0
61.91,9.75126,-0.414691,0.86553,-0.888854,0.108074,-0.139845,0.0,0.0,0.0
61.92,9.208571,-0.385145,0.711823,-0.911809,0.073333,-0.139503,0.0,0.0,0.0
61.93,8.867892,-0.45203,0.497349,-0.904034,0.061083,-0.144867,0.0,0.0,0.0
61.94,8.635181,-0.535241,0.367675,-0.909318,0.041184,-0.168032,0.0,0.0,0.0
61.95,8.377132,-0.676214,0.197617,-0.922123,0.037739,-0.213395,0.0,0.0,0.0
61.96,8.114924,-0.796464,0.082718,-0.909819,0.049304,-0.262006,0.0,0.0,0.0
61.97,7.985068,-0.726933,0.076371,-0.892277,0.045219,-0.308103,0.0,0.0,0.0
61.98,7.851733,-0.435961,0.049858,-0.854902,0.047624,-0.348953,0.0,0.0,0.0
61.99,7.620566,-0.067982,0.064488,-0.847282,0.066492,-0.376364,0.0,0.0,0.0
62.0,7.413144,0.294872,0.01827,-0.849279,0.089385,-0.394222,0.0,0.0,0.0
62.01,7.399622,0.646147,0.081122,-0.847367,0.070282,-0.40469,0.0,0.0,0.0
62.02,7.371587,0.81315,0.091042,-0.875229,0.02723,-0.401054,0.0,0.0,0.0
62.03,7.248681,0.654878,0.051341,-0.908713,-0.007268,-0.378625,0.0,0.0,0.0
62.04,7.110586,0.565432,-0.028566,-0.894514,-0.037718,-0.339286,0.0,0.0,0.0
62.05,6.985246,0.317071,-0.165959,-0.95009,-0.073887,-0.287078,0.0,0.0,0.0
62.06,6.886765,0.049774,-0.396466,-0.955216,-0.110307,-0.239561,0.0,0.0,0.0
62.07,6.838523,-0.035253,-0.605279,-0.929735,-0.111631,-0.182303,0.0,0.0,0.0
62.08,6.738807,-0.260314,-0.619789,-0.933439,-0.132513,-0.11969,0.0,0.0,0.0
62.09,6.594613,-0.402165,-0.71612,-0.915014,-0.154552,-0.05371,0.0,0.0,0.0
62.1,6.541384,-0.418568,-0.936023,-0.940819,-0.231983,0.007338,0.0,0.0,0.0
62.11,6.679983,-0.430179,-1.306109,-0.99309,-0.328345,0.06736,0.0,0.0,0.0
62.12,7.0075,-0.414605,-1.617999,-1.017137,-0.378886,0.117076,0.0,0.0,0.0
62.13,7.452369,-0.407316,-1.742633,-1.077075,-0.384824,0.170598,0.0,0.0,0.0
62.14,7.912628,-0.490697,-1.862458,-1.125193,-0.381228,0.198702,0.0,0.0,0.0
62.15,8.515946,0.068096,-1.509481,-0.954187,-0.348436,0.217885,0.0,0.0,0.0
62.16,8.747692,0.76255,-0.923454,-0.936799,-0.342198,0.227419,0.0,0.0,0.0
62.17,9.08867,0.928758,-0.778433,-1.059216,-0.483693,0.250738,0.0,0.0,0.0
62.18,9.786169,0.632351,-0.785991,-1.142656,-0.434258,0.271004,0.0,0.0,0.0
62.19,10.342975,-0.598219,-0.400339,-1.091855,-0.147677,0.261199,0.0,0.0,0.0
62.2,10.815516,-1.428022,0.183791,-0.796461,0.09657,0.209362,0.0,0.0,0.0
62.21,11.102439,-1.03574,0.441045,-0.509615,0.186585,0.126713,0.0,0.0,0.0
62.22,11.127505,-0.776007,-0.133515,-0.572371,0.007736,0.048773,0.0,0.0,0.0
62.23,11.26013,-2.352154,-1.211076,-0.779401,-0.07308,-0.054604,0.0,0.0,0.0
62.24,11.071353,-2.984483,-2.638535,-0.661062,-0.059221,-0.14627,0.0,0.0,0.0
62.25,11.425457,-2.046048,-3.125988,-0.726676,-0.1208,-0.188611,0.0,0.0,0.0
62.26,11.849599,-1.190653,-3.402155,-0.783931,-0.096195,-0.188114,0.0,0.0,0.0
62.27,11.747818,0.321702,-3.427479,-0.70146,-0.118319,-0.161486,0.0,0.0,0.0
62.28,11.95203,1.951231,-3.173972,-0.655161,-0.323055,-0.165699,0.0,0.0,0.0
62.29,12.854352,2.737917,-2.691847,-0.837155,-0.503481,-0.196915,0.0,0.0,0.0
62.3,13.947582,1.675313,-2.5264,-1.08694,-0.460294,-0.247645,0.0,0.0,0.0
62.31,14.985681,0.474294,-1.879005,-1.014529,-0.298222,-0.333317,0.0,0.0,0.0
62.32,15.196052,-0.771357,-1.126295,-1.071765,-0.147768,-0.423046,0.0,0.0,0.0
62.33,14.171915,-2.03523,-0.614433,-0.878336,0.002991,-0.451177,0.0,0.0,0.0
62.34,12.686057,-1.681595,0.472314,-0.683167,-0.017698,-0.382669,0.0,0.0,0.0
62.35,11.60703,-1.585177,0.79358,-0.852502,-0.21114,-0.24081,0.0,0.0,0.0
62.36,10.99124,-1.594862,0.742781,-0.803494,-0.217727,-0.082115,0.0,0.0,0.0
62.37,10.476922,-1.15267,1.328133,-0.74,-0.146665,0.029663,0.0,0.0,0.0
62.38,10.368323,-0.974348,2.434774,-0.691877,-0.06086,0.101843,0.0,0.0,0.0
62.39,10.037209,-0.873565,3.437608,-0.726162,0.008244,0.135745,0.0,0.0,0.0
62.4,9.848546,-1.518138,2.731639,-0.928067,-0.115011,0.140027,0.0,0.0,0.0
62.41,10.328132,-1.708679,1.398817,-0.83651,-0.084005,0.057436,0.0,0.0,0.0
62.42,10.150479,-1.37395,1.458633,-0.63224,0.16058,-0.059551,0.0,0.0,0.0
62.43,9.688029,-0.861204,1.841487,-0.592073,0.238108,-0.158879,0.0,0.0,0.0
62.44,9.935727,-0.659542,1.79452,-0.663149,0.146802,-0.230676,0.0,0.0,0.0
62.45,10.648784,-0.59421,1.471286,-0.597734,0.09686,-0.265273,0.0,0.0,0.0
62.46,11.608014,-0.526941,1.314274,-0.514189,0.039193,-0.219225,0.0,0.0,0.0
62.47,12.287832,-0.82228,1.177729,-0.46019,-0.013039,-0.113202,0.0,0.0,0.0
62.48,12.581211,-1.129516,1.039048,-0.391465,-0.072895,0.019352,0.0,0.0,0.0
62.49,12.165881,-1.561988,0.73828,-0.320658,-0.070617,0.142772,0.0,0.0,0.0
62.5,11.191229,-1.974166,0.608686,-0.203128,-0.052006,0.2303,0.0,0.0,0.0
62.51,10.194047,-2.048418,0.843225,-0.090355,-0.053391,0.282989,0.0,0.0,0.0
62.52,9.358354,-1.830931,0.939564,-0.015795,-0.060747,0.300502,0.0,0.0,0.0
62.53,8.594246,-1.77878,0.862955,0.03322,-0.089767,0.312212,0.0,0.0,0.0
62.54,8.136406,-1.601521,0.676997,0.098127,-0.129573,0.309239,0.0,0.0,0.0
62.55,7.773413,-1.392263,0.470289,0.170732,-0.104416,0.303151,0.0,0.0,0.0
62.56,7.5889,-1.349018,0.400068,0.208182,-0.12696,0.307773,0.0,0.0,0.0
62.57,7.517077,-1.355802,0.313613,0.277644,-0.124297,0.316507,0.0,0.0,0.0
62.58,7.341861,-1.431137,0.243834,0.311895,-0.092888,0.320015,0.0,0.0,0.0
62.59,7.293172,-1.485369,0.072761,0.359345,-0.087827,0.328229,0.0,0.0,0.0
62.6,7.182258,-1.667022,0.102915,0.395016,-0.042525,0.336624,0.0,0.0,0.0
62.61,6.97391,-1.644284,0.02868,0.461571,-0.030137,0.337459,0.0,0.0,0.0
62.62,6.883451,-1.652872,0.064263,0.490421,-0.044341,0.329534,0.0,0.0,0.0
62.63,6.764734,-1.552114,0.025323,0.529108,-0.062819,0.315512,0.0,0.0,0.0
62.64,6.703469,-1.507194,-0.103431,0.539931,-0.069462,0.286263,0.0,0.0,0.0
62.65,6.726422,-1.556382,-0.225051,0.554037,-0.07805,0.254719,0.0,0.0,0.0
62.66,6.82423,-1.371447,-0.360286,0.598394,-0.092656,0.214929,0.0,0.0,0.0
62.67,6.967288,-1.293928,-0.533381,0.57274,-0.113689,0.162192,0.0,0.0,0.0
62.68,7.197072,-1.224126,-0.797347,0.610237,-0.099067,0.113402,0.0,0.0,0.0
62.69,7.485252,-0.996421,-0.928446,0.621051,-0.076689,0.055804,0.0,0.0,0.0
62.7,7.688355,-0.968997,-1.028067,0.630614,-0.055645,-0.000302,0.0,0.0,0.0
62.71,7.96016,-0.880188,-1.029982,0.656776,-0.093542,-0.055784,0.0,0.0,0.0
62.72,8.224778,-1.029859,-1.074442,0.645376,-0.154858,-0.096294,0.0,0.0,0.0
62.73,8.422395,-1.294751,-1.500311,0.664552,-0.288713,-0.126211,0.0,0.0,0.0
62.74,8.57779,-1.150151,-1.731588,0.751782,-0.345717,-0.164887,0.0,0.0,0.0
62.75,8.494808,-1.321671,-1.870197,0.763222,-0.369731,-0.198862,0.0,0.0,0.0
62.76,8.531092,-1.305765,-1.652376,0.874301,-0.442424,-0.217899,0.0,0.0,0.0
62.77,8.670628,-1.083113,-1.377456,0.930266,-0.565304,-0.220406,0.0,0.0,0.0
62.78,8.803418,-1.175577,-1.29278,0.941819,-0.563914,-0.224257,0.0,0.0,0.0
62.79,8.993206,-0.897466,-1.005291,1.018139,-0.488745,-0.222124,0.0,0.0,0.0
62.8,9.3704,-0.75348,-0.489729,0.95113,-0.474366,-0.19255,0.0,0.0,0.0
62.81,10.014532,-1.470049,-0.586194,0.783401,-0.542076,-0.13367,0.0,0.0,0.0
62.82,10.701971,-2.13989,-0.836705,0.682952,-0.436011,-0.074096,0.0,0.0,0.0
62.83,10.722333,-1.748224,-1.361602,0.693659,-0.276999,-0.022712,0.0,0.0,0.0
62.84,10.675617,-0.930677,-2.616761,0.849046,-0.342257,-0.00751,0.0,0.0,0.0
62.85,11.044384,-0.078501,-3.773876,1.004646,-0.390638,0.005814,0.0,0.0,0.0
62.86,11.432543,-0.174575,-4.126997,1.078592,-0.352355,0.03069,0.0,0.0,0.0
62.87,11.846782,-1.051397,-3.684334,1.260777,-0.311619,0.053331,0.0,0.0,0.0
62.88,12.798875,-1.459429,-2.195952,1.397232,-0.263494,0.130718,0.0,0.0,0.0
62.89,14.29946,-1.177069,0.225531,1.587893,0.009371,0.223044,0.0,0.0,0.0
62.9,15.021959,0.403341,2.265087,1.58567,0.199115,0.332896,0.0,0.0,0.0
62.91,15.89569,1.746559,2.601282,1.292039,0.126488,0.500935,0.0,0.0,0.0
62.92,15.883865,2.59431,1.666991,1.150172,-0.144697,0.635782,0.0,0.0,0.0
62.93,14.741697,1.746848,-0.32983,0.901862,-0.277948,0.577335,0.0,0.0,0.0
62.94,13.227645,0.23046,-1.469853,1.044361,0.054127,0.423455,0.0,0.0,0.0
62.95,11.992858,-0.326501,0.027497,1.406762,0.370357,0.328756,0.0,0.0,0.0
62.96,11.237181,-0.336501,2.097858,1.401518,0.5551,0.297946,0.0,0.0,0.0
62.97,10.587033,-0.172833,3.043875,1.369277,0.445954,0.319154,0.0,0.0,0.0
62.98,10.954078,0.078864,2.812576,1.166495,0.158417,0.375197,0.0,0.0,0.0
62.99,11.82482,0.25177,1.867334,1.082089,0.156764,0.420598,0.0,0.0,0.0
63.0,12.042693,0.412782,1.678808,1.016009,0.331111,0.447784,0.0,0.0,0.0
63.01,12.098404,-0.055488,1.537121,0.868557,0.405886,0.465732,0.0,0.0,0.0
63.02,12.411927,-0.289771,1.624349,0.799621,0.343988,0.4281,0.0,0.0,0.0
63.03,12.696547,-0.151706,1.547177,0.728695,0.21782,0.319789,0.0,0.0,0.0
63.04,12.4691,-0.258932,1.147481,0.650167,0.166001,0.180655,0.0,0.0,0.0
63.05,11.831502,-0.36818,0.583769,0.657602,0.179713,0.042007,0.0,0.0,0.0
63.06,11.038941,-0.380143,0.446545,0.724159,0.253915,-0.070851,0.0,0.0,0.0
63.07,10.442981,-0.199986,0.384996,0.750388,0.240522,-0.1471,0.0,0.0,0.0
63.08,9.983114,0.071444,0.292494,0.763634,0.216949,-0.183575,0.0,0.0,0.0
63.09,9.436167,0.231527,0.191867,0.778799,0.234241,-0.189977,0.0,0.0,0.0
63.1,8.791581,0.408225,0.280755,0.794868,0.287825,-0.180304,0.0,0.0,0.0
63.11,8.075947,0.529163,0.372492,0.744287,0.339026,-0.159343,0.0,0.0,0.0
63.12,7.678181,0.496344,0.437126,0.686533,0.253161,-0.137604,0.0,0.0,0.0
63.13,7.618394,0.586102,0.33285,0.670769,0.12964,-0.121275,0.0,0.0,0.0
63.14,7.631807,0.86979,0.236367,0.637869,0.092547,-0.116894,0.0,0.0,0.0
63.15,7.540588,0.823347,0.058004,0.557748,0.113879,-0.124696,0.0,0.0,0.0
63.16,7.143729,0.839538,-0.118531,0.57383,0.14365,-0.145617,0.0,0.0,0.0
63.17,6.884891,0.979511,-0.051497,0.576645,0.144051,-0.161646,0.0,0.0,0.0
63.18,6.656894,0.914738,0.027195,0.540794,0.141724,-0.176907,0.0,0.0,0.0
63.19,6.482609,0.846865,0.097187,0.518102,0.127972,-0.183485,0.0,0.0,0.0
63.2,6.312981,0.59828,-0.004396,0.424096,0.10127,-0.181287,0.0,0.0,0.0
63.21,6.313542,0.475929,-0.356861,0.42509,0.052527,-0.168874,0.0,0.0,0.0
63.22,6.429629,0.477026,-0.456752,0.43108,0.043376,-0.148703,0.0,0.0,0.0
63.23,6.67042,0.388802,-0.429852,0.43297,0.034768,-0.12539,0.0,0.0,0.0
63.24,6.970426,0.406708,-0.354878,0.4138,0.016152,-0.089057,0.0,0.0,0.0
63.25,7.292178,0.407217,-0.349981,0.37839,-0.016239,-0.018897,0.0,0.0,0.0
63.26,7.577379,0.455201,-0.538318,0.32397,-0.097067,0.073823,0.0,0.0,0.0
63.27,7.921379,0.633231,-0.77291,0.278855,-0.192619,0.190629,0.0,0.0,0.0
63.28,8.204158,0.796375,-1.120312,0.206021,-0.234666,0.302672,0.0,0.0,0.0
63.29,8.277717,0.860206,-1.419866,0.1454,-0.251535,0.401248,0.0,0.0,0.0
63.3,8.108257,0.837278,-1.332148,0.106807,-0.270869,0.478765,0.0,0.0,0.0
63.31,8.030419,0.766073,-1.208304,0.032141,-0.340086,0.51483,0.0,0.0,0.0
63.32,8.514995,0.649237,-0.893293,0.090979,-0.370322,0.49449,0.0,0.0,0.0
63.33,9.248803,0.543765,-0.12058,0.229688,-0.312681,0.43941,0.0,0.0,0.0
63.34,9.683554,0.103779,0.710185,0.299698,-0.22345,0.384603,0.0,0.0,0.0
63.35,10.339347,-1.205097,1.813507,0.21363,-0.102195,0.340705,0.0,0.0,0.0
63.36,10.641689,-3.496399,1.723198,0.068518,0.029381,0.327162,0.0,0.0,0.0
63.37,11.209041,-3.678758,1.06776,0.489915,0.013264,0.271181,0.0,0.0,0.0
63.38,11.635815,-3.861786,0.94468,0.488497,-0.023438,0.264061,0.0,0.0,0.0
63.39,11.204628,-5.158882,0.137863,0.386531,-0.027068,0.316286,0.0,0.0,0.0
63.4,10.931643,-3.770916,-0.647954,0.438398,0.027011,0.390862,0.0,0.0,0.0
63.41,11.166656,-1.737698,-0.546531,0.323699,0.051786,0.411125,0.0,0.0,0.0
63.42,12.162381,0.90106,0.914988,0.435458,0.117727,0.352088,0.0,0.0,0.0
63.43,12.759012,2.613211,2.365661,0.097131,0.350691,0.272131,0.0,0.0,0.0
63.44,12.477744,2.512487,2.230458,-0.277141,0.475078,0.129184,0.0,0.0,0.0
63.45,12.444418,2.730297,1.87174,-0.336308,0.280956,-0.102447,0.0,0.0,0.0
63.46,12.104877,2.666385,1.04556,-0.426831,0.15209,-0.316445,0.0,0.0,0.0
63.47,10.952635,2.410328,0.328031,-0.27907,0.188275,-0.422066,0.0,0.0,0.0
63.48,9.783482,1.895889,0.952866,-0.223983,0.268897,-0.436202,0.0,0.0,0.0
63.49,9.177098,0.645211,1.378161,-0.283654,0.182422,-0.417699,0.0,0.0,0.0
63.5,9.12733,-0.195923,1.180461,-0.203893,-0.033651,-0.406442,0.0,0.0,0.0
63.51,9.348447,-1.856531,1.094484,-0.279441,-0.1849,-0.385312,0.0,0.0,0.0
63.52,9.994569,-4.132004,1.00536,-0.158577,-0.136123,-0.334505,0.0,0.0,0.0
63.53,10.371955,-5.165318,1.070819,0.214779,0.117439,-0.294834,0.0,0.0,0.0
63.54,10.695353,-5.809985,1.551404,0.442931,0.258827,-0.2886,0.0,0.0,0.0
63.55,11.568599,-6.345789,2.096354,0.667689,0.211646,-0.285184,0.0,0.0,0.0
63.56,12.464385,-6.393795,2.267573,0.927591,0.141265,-0.267999,0.0,0.0,0.0
63.57,12.946384,-5.699595,1.645861,1.155975,0.078249,-0.218519,0.0,0.0,0.0
63.58,12.386838,-4.278864,0.870127,1.435956,0.21926,-0.136685,0.0,0.0,0.0
63.59,11.250244,-3.411992,0.946789,1.616105,0.349337,-0.049565,0.0,0.0,0.0
63.6,10.393934,-3.093046,1.37863,1.774354,0.301786,0.025259,0.0,0.0,0.0
63.61,10.111931,-2.963145,1.454436,1.827647,0.176551,0.08513,0.0,0.0,0.0
63.62,10.231365,-3.038803,0.93275,1.889186,0.056002,0.130182,0.0,0.0,0.0
63.63,10.29031,-3.021612,0.530494,2.052329,0.089383,0.154915,0.0,0.0,0.0
63.64,10.090758,-2.876363,0.59699,2.175824,0.141129,0.169522,0.0,0.0,0.0
63.65,9.699232,-2.84667,0.749931,2.273078,0.126482,0.172829,0.0,0.0,0.0
63.66,9.354459,-2.780131,0.69392,2.348852,0.070715,0.162915,0.0,0.0,0.0
63.67,9.243931,-2.720929,0.545913,2.405753,0.045707,0.159758,0.0,0.0,0.0
63.68,9.172325,-2.71803,0.503864,2.466833,0.054794,0.145517,0.0,0.0,0.0
63.69,9.064867,-2.525456,0.608356,2.56027,0.083159,0.129597,0.0,0.0,0.0
63.7,8.976956,-2.154543,0.650129,2.633772,0.115853,0.105514,0.0,0.0,0.0
63.71,8.928767,-1.996379,0.595114,2.681841,0.127537,0.09105,0.0,0.0,0.0
63.72,8.87849,-1.903472,0.484105,2.767337,0.174203,0.072276,0.0,0.0,0.0
63.73,8.623026,-1.633868,0.496898,2.850426,0.220586,0.07951,0.0,0.0,0.0
63.74,8.395612,-1.55051,0.509657,2.901244,0.204332,0.085069,0.0,0.0,0.0
63.75,8.361711,-1.489508,0.316423,2.959409,0.204083,0.095969,0.0,0.0,0.0
63.76,8.234495,-1.43926,0.202898,3.047392,0.216582,0.113502,0.0,0.0,0.0
63.77,8.145461,-1.465303,0.163529,3.057814,0.167984,0.139624,0.0,0.0,0.0
63.78,8.162868,-1.796239,-0.076572,3.077014,0.101224,0.172564,0.0,0.0,0.0
63.79,8.226748,-2.052494,-0.338158,3.118777,0.079354,0.198992,0.0,0.0,0.0
63.8,8.208166,-2.196176,-0.410896,3.169533,0.120138,0.22038,0.0,0.0,0.0
63.81,8.168499,-2.121285,-0.27358,3.227079,0.136504,0.236031,0.0,0.0,0.0
63.82,8.18212,-2.1748,-0.149013,3.246134,0.145261,0.236178,0.0,0.0,0.0
63.83,8.35366,-2.026822,-0.01442,3.337817,0.144998,0.217116,0.0,0.0,0.0
63.84,8.702887,-1.749858,-0.092908,3.407299,0.096543,0.187786,0.0,0.0,0.0
63.85,9.611658,-2.115982,0.342364,3.444773,0.137704,0.172432,0.0,0.0,0.0
63.86,9.72915,-1.990549,0.720783,3.612906,0.223278,0.128107,0.0,0.0,0.0
63.87,9.237407,-1.934192,0.540613,3.66655,0.270629,0.058084,0.0,0.0,0.0
63.88,9.575984,-1.731991,0.822972,3.773848,0.274816,0.007708,0.0,0.0,0.0
63.89,10.106282,-1.880712,0.920913,3.805697,0.224932,0.002092,0.0,0.0,0.0
63.9,10.32902,-2.231837,0.368601,3.959816,0.200968,0.008445,0.0,0.0,0.0
63.91,9.66609,-1.664184,0.034288,4.254754,0.339748,0.011359,0.0,0.0,0.0
63.92,9.128181,-1.531588,0.694009,4.411173,0.377362,0.044565,0.0,0.0,0.0
63.93,8.652695,-2.247305,0.985518,4.439237,0.231132,0.135313,0.0,0.0,0.0
63.94,7.784777,-2.495988,-0.273201,4.414687,0.020315,0.255304,0.0,0.0,0.0
63.95,7.585618,-2.711385,-1.628876,4.341077,-0.09509,0.392898,0.0,0.0,0.0
63.96,8.418734,-1.630649,-1.605599,4.526669,0.114802,0.505312,0.0,0.0,0.0
63.97,9.38398,1.186727,-0.05541,4.58523,0.509217,0.623529,0.0,0.0,0.0
63.98,10.080179,2.800296,1.970277,4.162538,0.694987,0.73228,0.0,0.0,0.0
63.99,10.521301,4.683788,2.016758,3.739323,0.712385,0.805327,0.0,0.0,0.0
64.0,10.935331,6.089608,0.639161,3.295534,0.641791,0.799254,0.0,0.0,0.0
64.01,11.759723,6.597711,-0.129611,3.071101,0.571853,0.724467,0.0,0.0,0.0
64.02,12.399813,5.914793,0.19918,2.865094,0.672723,0.64217,0.0,0.0,0.0
64.03,11.401108,4.959142,0.81923,2.810751,0.879609,0.512646,0.0,0.0,0.0
64.04,10.345377,3.612554,1.759611,2.60349,0.857899,0.405414,0.0,0.0,0.0
64.05,10.58234,1.846746,2.288949,2.404921,0.582033,0.394508,0.0,0.0,0.0
64.06,10.946533,0.096963,1.931922,2.140922,0.371174,0.440743,0.0,0.0,0.0
64.07,11.337222,-1.422675,0.790381,2.065911,0.272204,0.4793,0.0,0.0,0.0
64.08,11.978895,-1.641462,0.625122,2.187629,0.253542,0.502785,0.0,0.0,0.0
64.09,11.857022,-1.69856,0.273687,2.11465,0.35221,0.495469,0.0,0.0,0.0
64.1,11.096526,-1.371564,0.038346,2.192338,0.446689,0.495717,0.0,0.0,0.0
64.11,10.530256,-0.580735,0.517141,2.250505,0.486427,0.492535,0.0,0.0,0.0
64.12,10.211566,-0.065047,0.872133,2.201508,0.423289,0.495477,0.0,0.0,0.0
64.13,9.926538,0.314357,0.79269,2.186684,0.295311,0.527806,0.0,0.0,0.0
64.14,9.794954,0.688032,0.653516,2.178389,0.193078,0.568496,0.0,0.0,0.0
64.15,9.636119,0.819869,0.417996,2.156098,0.139827,0.610924,0.0,0.0,0.0
64.16,9.301773,0.675514,0.18007,2.155508,0.169999,0.657129,0.0,0.0,0.0
64.17,8.879238,0.305629,0.246248,2.181791,0.235254,0.688829,0.0,0.0,0.0
64.18,8.504976,0.234037,0.585501,2.222059,0.28928,0.718022,0.0,0.0,0.0
64.19,8.128126,0.584824,0.803952,2.201726,0.315403,0.7369,0.0,0.0,0.0
64.2,8.07341,1.465804,0.732746,2.252443,0.246658,0.758545,0.0,0.0,0.0
64.21,8.199698,2.370507,0.996841,2.230662,0.197792,0.764897,0.0,0.0,0.0
64.22,8.487783,2.678042,1.3423,2.115463,0.151224,0.779995,0.0,0.0,0.0
64.23,8.707976,2.770677,1.529831,2.024835,0.172429,0.773209,0.0,0.0,0.0
64.24,8.702014,2.903291,1.741831,1.961108,0.213099,0.760435,0.0,0.0,0.0
64.25,8.682755,3.087717,2.010733,1.843835,0.221891,0.732159,0.0,0.0,0.0
64.26,8.530133,2.82245,2.179941,1.661714,0.25193,0.70905,0.0,0.0,0.0
64.27,8.196126,2.173415,2.376775,1.471919,0.269059,0.678246,0.0,0.0,0.0
64.28,7.861989,1.902496,2.447273,1.353315,0.256285,0.649093,0.0,0.0,0.0
64.29,7.472938,1.804312,2.284526,1.169992,0.169694,0.6048,0.0,0.0,0.0
64.3,7.520426,1.685967,2.008144,0.963963,0.048074,0.578508,0.0,0.0,0.0
64.31,7.776328,1.855581,1.808037,0.843156,0.056436,0.562649,0.0,0.0,0.0
64.32,7.688538,2.15224,1.611609,0.782559,0.149625,0.565964,0.0,0.0,0.0
64.33,7.267028,2.339157,1.393371,0.737421,0.235154,0.572972,0.0,0.0,0.0
64.34,7.026842,2.230428,1.464795,0.671835,0.259169,0.578649,0.0,0.0,0.0
64.35,6.736031,1.973515,1.694041,0.659834,0.374672,0.586514,0.0,0.0,0.0
64.36,6.016589,1.401019,1.905642,0.7331,0.565111,0.578898,0.0,0.0,0.0
64.37,5.295242,0.703608,2.061929,0.759124,0.537698,0.569191,0.0,0.0,0.0
64.38,5.042337,0.09992,1.957391,0.763857,0.418954,0.530286,0.0,0.0,0.0
64.39,5.210928,-0.494631,2.29663,0.826657,0.353206,0.49656,0.0,0.0,0.0
64.4,5.655337,-1.253925,2.905369,0.810831,0.328591,0.50418,0.0,0.0,0.0
64.41,6.155513,-1.819495,3.135055,0.855072,0.339841,0.558855,0.0,0.0,0.0
64.42,6.687225,-1.676954,3.224715,0.990429,0.348741,0.65989,0.0,0.0,0.0
64.43,7.260384,-1.05641,2.901874,0.94299,0.248384,0.786204,0.0,0.0,0.0
64.44,7.612687,-0.47258,2.451357,0.911451,0.201793,0.898876,0.0,0.0,0.0
64.45,7.286918,0.098843,1.979854,0.907497,0.237766,0.934244,0.0,0.0,0.0
64.46,6.380599,0.981601,1.414797,0.993817,0.29195,0.858095,0.0,0.0,0.0
64.47,5.764138,2.124759,1.279836,1.083268,0.351105,0.679246,0.0,0.0,0.0
64.48,5.76911,2.645974,2.067138,0.8699,0.415476,0.476645,0.0,0.0,0.0
64.49,6.703121,1.925907,3.276953,0.389262,0.340988,0.298971,0.0,0.0,0.0
64.5,7.753227,0.204056,3.646052,0.004779,0.125351,0.210141,0.0,0.0,0.0
64.51,8.356733,-1.334614,3.189938,0.216325,-0.093739,0.219934,0.0,0.0,0.0
64.52,8.591661,-1.6287,2.502032,0.662682,-0.198967,0.288538,0.0,0.0,0.0
64.53,8.855982,-1.567638,2.100465,0.700633,-0.228135,0.373601,0.0,0.0,0.0
64.54,8.59354,-2.134132,1.718365,0.593874,-0.086966,0.423745,0.0,0.0,0.0
64.55,7.672032,-2.407601,1.444031,0.714512,0.210764,0.403456,0.0,0.0,0.0
64.56,6.485832,-2.127409,1.685477,0.901379,0.425318,0.338754,0.0,0.0,0.0
64.57,5.929194,-1.63444,2.522283,0.897624,0.414709,0.276574,0.0,0.0,0.0
64.58,6.836649,-1.924917,3.645658,0.639528,0.141264,0.262648,0.0,0.0,0.0
64.59,8.480324,-2.55289,4.450666,0.529896,-0.288675,0.26282,0.0,0.0,0.0
64.6,9.584551,-3.475369,4.375082,0.646037,-0.628058,0.29131,0.0,0.0,0.0
64.61,10.491223,-3.943525,3.594041,0.839388,-1.055989,0.318967,0.0,0.0,0.0
64.62,10.914699,-3.72088,2.481659,0.930899,-1.242407,0.366519,0.0,0.0,0.0
64.63,10.977715,-2.70096,1.657309,1.206994,-1.051746,0.43069,0.0,0.0,0.0
64.64,10.255978,-1.211134,1.831787,1.396271,-0.837637,0.439782,0.0,0.0,0.0
64.65,9.044194,-0.07645,2.123655,1.266358,-0.65942,0.3796,0.0,0.0,0.0
64.66,7.902772,0.719668,2.545803,1.071728,-0.653578,0.313136,0.0,0.0,0.0
64.67,7.670523,0.90592,3.417437,0.744635,-0.800905,0.256827,0.0,0.0,0.0
64.68,8.111954,0.472452,4.081337,0.505195,-1.017479,0.263867,0.0,0.0,0.0
64.69,8.614072,-0.029705,4.105692,0.473203,-1.268562,0.321546,0.0,0.0,0.0
64.7,8.890485,-0.310127,3.817289,0.574493,-1.517722,0.361291,0.0,0.0,0.0
64.71,9.188839,-0.261613,3.074267,0.608345,-1.794355,0.399032,0.0,0.0,0.0
64.72,9.639309,0.143346,2.394514,0.626564,-2.00056,0.405355,0.0,0.0,0.0
64.73,9.822279,0.563278,1.783634,0.668116,-1.943287,0.351641,0.0,0.0,0.0
64.74,9.720835,0.69812,1.381947,0.67476,-1.760463,0.222309,0.0,0.0,0.0
64.75,9.673435,0.536796,1.607756,0.613591,-1.585768,0.031947,0.0,0.0,0.0
64.76,9.804362,0.083449,1.933771,0.510767,-1.521058,-0.148761,0.0,0.0,0.0
64.77,10.244887,-0.459607,2.105266,0.310339,-1.610954,-0.314961,0.0,0.0,0.0
64.78,10.510184,-0.838297,1.648392,0.239373,-1.6405,-0.399958,0.0,0.0,0.0
64.79,10.71091,-0.878589,0.742022,0.277178,-1.531531,-0.46834,0.0,0.0,0.0
64.8,10.61009,-0.02611,0.508899,0.354592,-1.414852,-0.450697,0.0,0.0,0.0
64.81,10.707326,1.386994,0.625323,0.43717,-1.285459,-0.272261,0.0,0.0,0.0
64.82,10.478188,1.953214,1.351667,0.374318,-1.023586,-0.148313,0.0,0.0,0.0
64.83,9.981083,1.930352,1.755937,0.31329,-0.981219,-0.097019,0.0,0.0,0.0
64.84,9.823806,1.196037,2.078167,0.190673,-1.112455,-0.118435,0.0,0.0,0.0
64.85,10.147259,0.092384,1.954484,-0.028029,-1.400168,-0.151652,0.0,0.0,0.0
64.86,10.939731,-0.891188,1.231731,-0.137569,-1.6548,-0.153219,0.0,0.0,0.0
64.87,11.29501,-1.103042,0.344327,0.1992,-1.565921,-0.106534,0.0,0.0,0.0
64.88,11.015427,-0.591753,0.07805,0.525367,-1.314104,-0.083061,0.0,0.0,0.0
64.89,10.804045,0.213985,0.57531,0.589207,-1.136591,-0.032117,0.0,0.0,0.0
64.9,10.894861,0.643813,1.165274,0.436499,-1.249235,0.046329,0.0,0.0,0.0
64.91,10.738856,0.307874,1.185671,0.160642,-1.460621,0.114054,0.0,0.0,0.0
64.92,10.603671,-0.235936,0.736544,-0.048389,-1.763898,0.157325,0.0,0.0,0.0
64.93,10.330958,-1.03505,0.157899,-0.209389,-2.017175,0.186298,0.0,0.0,0.0
64.94,10.029995,-1.698165,-0.754142,-0.333154,-2.075102,0.162974,0.0,0.0,0.0
64.95,10.133825,-1.947825,-1.607151,-0.188098,-2.040556,0.115436,0.0,0.0,0.0
64.96,11.391439,-1.877267,-2.653756,-0.124479,-2.273935,0.095454,0.0,0.0,0.0
64.97,11.97496,-1.986923,-3.664848,0.011877,-1.998425,0.098824,0.0,0.0,0.0
64.98,11.423488,-1.778262,-4.220068,0.175143,-1.551898,0.077508,0.0,0.0,0.0
64.99,9.745566,-1.144512,-3.603553,0.381602,-1.243224,0.063279,0.0,0.0,0.0
65.0,8.907367,-0.370486,-2.209117,0.270758,-1.410902,0.044087,0.0,0.0,0.0
65.01,9.467999,-0.144999,-2.162909,-0.203379,-1.936721,0.059836,0.0,0.0,0.0
65.02,10.884148,-0.672222,-3.352038,-0.538315,-2.430787,0.058818,0.0,0.0,0.0
65.03,11.938853,-0.986492,-4.786026,-0.564662,-2.477083,0.044545,0.0,0.0,0.0
65.04,12.58884,-1.170686,-6.077533,-0.524432,-2.197225,0.006576,0.0,0.0,0.0
65.05,13.081118,-1.297589,-6.534906,-0.373876,-1.72752,-0.038024,0.0,0.0,0.0
65.06,12.420336,-1.282452,-6.351911,0.07913,-0.922663,-0.027355,0.0,0.0,0.0
65.07,11.851119,-0.825204,-4.708471,0.601552,-0.387686,-0.000655,0.0,0.0,0.0
65.08,11.994422,-0.426292,-3.26032,0.708387,-0.596185,0.114479,0.0,0.0,0.0
65.09,13.129014,-0.576484,-2.915094,0.59532,-1.050368,0.255686,0.0,0.0,0.0
65.1,14.219916,-1.015226,-3.822559,0.428184,-1.522072,0.342218,0.0,0.0,0.0
65.11,14.176289,-1.38094,-5.26137,0.337557,-1.445648,0.331944,0.0,0.0,0.0
65.12,13.494736,-1.432224,-6.537938,0.301996,-0.996148,0.253213,0.0,0.0,0.0
65.13,12.803986,-1.352814,-6.755923,0.394475,-0.474033,0.164195,0.0,0.0,0.0
65.14,12.061941,-1.161996,-5.529743,0.404056,-0.143676,0.103937,0.0,0.0,0.0
65.15,11.505314,-1.052833,-4.24402,0.269584,-0.13635,0.066812,0.0,0.0,0.0
65.16,10.955721,-1.163731,-3.725037,0.194441,-0.379269,0.049942,0.0,0.0,0.0
65.17,10.027203,-1.077931,-3.88561,0.231634,-0.686529,0.064404,0.0,0.0,0.0
65.18,9.234323,-0.949451,-4.255247,0.272541,-0.839909,0.07058,0.0,0.0,0.0
65.19,9.188832,-1.085911,-4.48384,0.278974,-1.005287,0.088149,0.0,0.0,0.0
65.2,9.391246,-1.295954,-4.646986,0.231869,-1.066175,0.103803,0.0,0.0,0.0
65.21,9.638463,-1.748443,-4.989048,0.156376,-1.007331,0.112088,0.0,0.0,0.0
65.22,9.557708,-2.060252,-5.365167,0.149773,-0.80796,0.087234,0.0,0.0,0.0
65.23,9.387772,-1.964496,-5.448317,0.237145,-0.580321,0.059181,0.0,0.0,0.0
65.24,9.125199,-1.6421,-5.168328,0.254597,-0.402892,0.017302,0.0,0.0,0.0
65.25,8.955015,-1.363737,-4.914787,0.217298,-0.287446,-0.021536,0.0,0.0,0.0
65.26,8.697866,-1.046507,-4.601529,0.164065,-0.20457,-0.056843,0.0,0.0,0.0
65.27,8.372863,-0.82843,-4.520639,0.106939,-0.156967,-0.08808,0.0,0.0,0.0
65.28,8.057302,-0.711115,-4.484203,0.071697,-0.159868,-0.099394,0.0,0.0,0.0
65.29,7.750878,-0.707169,-4.405709,0.039479,-0.142663,-0.095977,0.0,0.0,0.0
65.3,7.686397,-0.829651,-4.009132,-0.024911,-0.150841,-0.090661,0.0,0.0,0.0
65.31,7.956371,-1.027583,-3.995061,-0.116658,-0.178644,-0.077143,0.0,0.0,0.0
65.32,8.097734,-1.152738,-4.266106,-0.143009,-0.148037,-0.06823,0.0,0.0,0.0
65.33,8.420389,-1.002804,-4.493681,-0.114616,-0.190276,-0.05925,0.0,0.0,0.0
65.34,8.914227,-0.812234,-4.533643,-0.092377,-0.269303,-0.060583,0.0,0.0,0.0
65.35,9.323545,-0.775591,-4.542336,-0.119924,-0.26887,-0.066363,0.0,0.0,0.0
65.36,9.245875,-0.891229,-4.574589,-0.12364,-0.236325,-0.077063,0.0,0.0,0.0
65.37,9.014566,-0.869288,-4.708222,-0.086795,-0.261323,-0.082823,0.0,0.0,0.0
65.38,8.828163,-0.798365,-4.769441,-0.058868,-0.292504,-0.082436,0.0,0.0,0.0
65.39,8.831008,-0.772585,-4.755657,-0.069199,-0.347829,-0.06291,0.0,0.0,0.0
65.4,8.963118,-0.828446,-4.685327,-0.089805,-0.376753,-0.049418,0.0,0.0,0.0
65.41,9.040692,-0.973863,-4.755916,-0.098765,-0.355651,-0.041307,0.0,0.0,0.0
65.42,9.022873,-0.986305,-4.919359,-0.046404,-0.318738,-0.037415,0.0,0.0,0.0
65.43,8.971437,-0.850587,-5.036937,0.008273,-0.273941,-0.041752,0.0,0.0,0.0
65.44,8.869195,-0.777028,-4.99016,0.050651,-0.206259,-0.045306,0.0,0.0,0.0
65.45,8.600304,-0.820305,-4.876218,0.087253,-0.161465,-0.05432,0.0,0.0,0.0
65.46,8.376254,-0.772582,-4.728325,0.13123,-0.150105,-0.056344,0.0,0.0,0.0
65.47,8.176942,-0.812146,-4.58822,0.094113,-0.230591,-0.059387,0.0,0.0,0.0
65.48,8.366966,-0.815357,-4.670621,0.052813,-0.347621,-0.049191,0.0,0.0,0.0
65.49,8.616832,-0.832867,-4.870282,0.036098,-0.411793,-0.03542,0.0,0.0,0.0
65.5,8.776244,-0.90376,-5.185255,0.029234,-0.408519,-0.020856,0.0,0.0,0.0
65.51,8.898529,-1.007965,-5.383964,0.043378,-0.346694,-0.013427,0.0,0.0,0.0
65.52,9.032562,-1.012916,-5.420647,0.087204,-0.253219,-0.01151,0.0,0.0,0.0
65.53,9.051401,-0.858143,-5.229309,0.106332,-0.158716,-0.017965,0.0,0.0,0.0
65.54,8.941745,-0.765405,-5.000547,0.122775,-0.071331,-0.023527,0.0,0.0,0.0
65.55,8.685239,-0.669634,-4.755511,0.103641,-0.045104,-0.017707,0.0,0.0,0.0
65.56,8.466567,-0.704698,-4.617624,0.065018,-0.060774,-0.01127,0.0,0.0,0.0
65.57,8.400862,-0.712893,-4.594325,0.037253,-0.132813,-0.005231,0.0,0.0,0.0
65.58,8.523513,-0.732972,-4.661986,0.007938,-0.213741,0.001018,0.0,0.0,0.0
65.59,8.754445,-0.819876,-4.874273,-0.008733,-0.229772,0.01012,0.0,0.0,0.0
65.6,8.794886,-0.8854,-5.034452,0.008569,-0.19128,0.016513,0.0,0.0,0.0
65.61,8.82351,-0.957712,-5.066863,0.038254,-0.136998,0.016874,0.0,0.0,0.0
65.62,8.766711,-0.959904,-5.023514,0.073457,-0.079858,0.012038,0.0,0.0,0.0
65.63,8.680695,-0.975514,-4.926479,0.085157,-0.03896,0.011531,0.0,0.0,0.0
65.64,8.511791,-0.891692,-4.856135,0.097072,-0.028278,0.008085,0.0,0.0,0.0
65.65,8.441444,-0.839507,-4.790854,0.075409,-0.034341,0.013129,0.0,0.0,0.0
65.66,8.488257,-0.832941,-4.735341,0.053223,-0.052964,0.014413,0.0,0.0,0.0
65.67,8.554885,-0.862298,-4.761788,0.043993,-0.048256,0.012348,0.0,0.0,0.0
65.68,8.60029,-0.9173,-4.796642,0.04597,-0.060016,0.00564,0.0,0.0,0.0
65.69,8.65206,-1.045094,-4.833642,0.055026,-0.051987,0.002123,0.0,0.0,0.0
65.7,8.610289,-1.060226,-4.840007,0.086243,-0.004579,0.000189,0.0,0.0,0.0
65.71,8.50755,-1.069255,-4.699947,0.099933,0.021273,-0.001611,0.0,0.0,0.0
65.72,8.459882,-0.999393,-4.588704,0.107747,0.022836,0.000274,0.0,0.0,0.0
65.73,8.421956,-0.97527,-4.579739,0.100389,0.009829,0.004844,0.0,0.0,0.0
65.74,8.345333,-0.91249,-4.600016,0.0736,-0.030465,0.007841,0.0,0.0,0.0
65.75,8.33447,-0.970113,-4.779289,0.056256,-0.061478,0.0081,0.0,0.0,0.0
65.76,8.410601,-0.990893,-4.785634,0.048626,-0.056159,0.010312,0.0,0.0,0.0
65.77,8.502591,-1.084778,-4.738684,0.049561,-0.035222,0.005891,0.0,0.0,0.0
65.78,8.502019,-1.055691,-4.695835,0.04124,-0.012256,0.00714,0.0,0.0,0.0
65.79,8.511075,-1.080861,-4.71972,0.028624,0.001828,0.00079,0.0,0.0,0.0
65.8,8.516828,-1.014332,-4.807465,0.032201,0.018523,-0.007684,0.0,0.0,0.0
65.81,8.590961,-0.959448,-4.805107,0.031941,0.040094,-0.015635,0.0,0.0,0.0
65.82,8.502752,-0.937056,-4.708115,0.033565,0.060898,-0.010725,0.0,0.0,0.0
65.83,8.525352,-0.920032,-4.662021,0.020486,0.050289,-0.012911,0.0,0.0,0.0
65.84,8.537402,-0.91131,-4.637592,0.01861,0.036287,-0.010122,0.0,0.0,0.0
65.85,8.540192,-0.902567,-4.667995,0.020782,0.028131,-0.007155,0.0,0.0,0.0
65.86,8.573079,-0.891247,-4.714993,0.021237,0.021126,-0.001857,0.0,0.0,0.0
65.87,8.584238,-0.883842,-4.69192,0.038062,0.031301,-0.001317,0.0,0.0,0.0
65.88,8.534986,-0.882971,-4.635824,0.035623,0.046264,0.003406,0.0,0.0,0.0
65.89,8.466211,-0.867716,-4.576852,0.027566,0.026894,0.00977,0.0,0.0,0.0
65.9,8.494616,-0.916153,-4.568363,0.016186,0.015718,0.007443,0.0,0.0,0.0
65.91,8.457735,-0.879419,-4.594228,0.010046,0.009757,0.008806,0.0,0.0,0.0
65.92,8.468378,-0.926778,-4.694667,0.00637,0.009011,0.006051,0.0,0.0,0.0
65.93,8.530323,-0.889672,-4.681156,0.008785,0.014822,0.004143,0.0,0.0,0.0
65.94,8.56913,-0.89672,-4.607784,0.014271,0.030166,0.006319,0.0,0.0,0.0
65.95,8.492922,-0.839702,-4.592988,0.012293,0.02119,0.010167,0.0,0.0,0.0
65.96,8.53484,-0.852188,-4.664524,-0.010399,0.011349,0.012816,0.0,0.0,0.0
65.97,8.564087,-0.891094,-4.690277,-0.000576,0.014219,0.017576,0.0,0.0,0.0
65.98,8.566666,-0.852027,-4.677496,0.010354,0.028559,0.017976,0.0,0.0,0.0
65.99,8.578036,-0.813598,-4.610262,0.008638,0.025876,0.023668,0.0,0.0,0.0
66.0,8.538688,-0.827856,-4.612568,0.005135,0.02878,0.030535,0.0,0.0,0.0
66.01,8.461353,-0.83618,-4.68682,-0.000459,0.01463,0.032776,0.0,0.0,0.0
66.02,8.487651,-0.894464,-4.645944,-0.008706,0.008562,0.035674,0.0,0.0,0.0
66.03,8.485829,-0.937953,-4.656401,-0.014528,0.004468,0.040028,0.0,0.0,0.0
66.04,8.526066,-0.928973,-4.65145,-0.025807,0.005221,0.042799,0.0,0.0,0.0
