time,voltage,current,percentage
0.0,4.0,0.5,80.0
0.009,4.0,0.5,80.0
0.029,4.0,0.5,80.0
0.032,4.0,0.5,80.0
0.039,4.0,0.5,80.0
0.049,4.0,0.5,80.0
0.059,4.0,0.5,80.0
0.069,4.0,0.5,80.0
0.079,4.0,0.5,80.0
0.096,4.0,0.5,80.0
0.1,4.0,0.5,80.0
0.109,4.0,0.5,80.0
0.119,4.0,0.5,80.0
0.129,4.0,0.5,80.0
0.148,4.0,0.5,80.0
0.152,4.0,0.5,80.0
0.159,4.0,0.5,80.0
0.169,4.0,0.5,80.0
0.179,4.0,0.5,80.0
0.189,4.0,0.5,80.0
0.209,4.0,0.5,80.0
0.212,4.0,0.5,80.0
0.219,4.0,0.5,80.0
0.229,4.0,0.5,80.0
0.239,4.0,0.5,80.0
0.249,4.0,0.5,80.0
0.259,4.0,0.5,80.0
0.272,4.0,0.5,80.0
0.279,4.0,0.5,80.0
0.289,4.0,0.5,80.0
0.299,4.0,0.5,80.0
0.312,4.0,0.5,80.0
0.319,4.0,0.5,80.0
0.329,4.0,0.5,80.0
0.339,4.0,0.5,80.0
0.349,4.0,0.5,80.0
0.359,4.0,0.5,80.0
0.379,4.0,0.5,80.0
0.382,4.0,0.5,80.0
0.389,4.0,0.5,80.0
0.399,4.0,0.5,80.0
0.409,4.0,0.5,80.0
0.419,4.0,0.5,80.0
0.435,4.0,0.5,80.0
0.44,4.0,0.5,80.0
0.449,4.0,0.5,80.0
0.459,4.0,0.5,80.0
0.469,4.0,0.5,80.0
0.479,4.0,0.5,80.0
0.499,4.0,0.5,80.0
0.503,4.0,0.5,80.0
0.509,4.0,0.5,80.0
0.519,4.0,0.5,80.0
0.529,4.0,0.5,80.0
0.539,4.0,0.5,80.0
0.556,4.0,0.5,80.0
0.56,4.0,0.5,80.0
0.569,4.0,0.5,80.0
0.579,4.0,0.5,80.0
0.589,4.0,0.5,80.0
0.608,4.0,0.5,80.0
0.612,4.0,0.5,80.0
0.619,4.0,0.5,80.0
0.629,4.0,0.5,80.0
0.64,4.0,0.5,80.0
0.649,4.0,0.5,80.0
0.659,4.0,0.5,80.0
0.677,4.0,0.5,80.0
0.681,4.0,0.5,80.0
0.689,4.0,0.5,80.0
0.699,4.0,0.5,80.0
0.709,4.0,0.5,80.0
0.728,4.0,0.5,80.0
0.732,4.0,0.5,80.0
0.739,4.0,0.5,80.0
0.749,4.0,0.5,80.0
0.759,4.0,0.5,80.0
0.769,4.0,0.5,80.0
0.779,4.0,0.5,80.0
0.798,4.0,0.5,80.0
0.802,4.0,0.5,80.0
0.809,4.0,0.5,80.0
0.819,4.0,0.5,80.0
0.829,4.0,0.5,80.0
0.839,4.0,0.5,80.0
0.852,4.0,0.5,80.0
0.859,4.0,0.5,80.0
0.869,4.0,0.5,80.0
0.879,4.0,0.5,80.0
0.889,4.0,0.5,80.0
0.909,4.0,0.5,80.0
0.912,4.0,0.5,80.0
0.919,4.0,0.5,80.0
0.929,4.0,0.5,80.0
0.939,4.0,0.5,80.0
0.949,4.0,0.5,80.0
0.959,4.0,0.5,80.0
0.972,4.0,0.5,80.0
0.979,4.0,0.5,80.0
0.989,4.0,0.5,80.0
0.999,4.0,0.5,80.0
1.009,4.0,0.5,80.0
1.029,4.0,0.5,80.0
1.032,4.0,0.5,80.0
1.039,4.0,0.5,80.0
1.049,4.0,0.5,80.0
1.059,4.0,0.5,80.0
1.069,4.0,0.5,80.0
1.079,4.0,0.5,80.0
1.093,4.0,0.5,80.0
1.099,4.0,0.5,80.0
1.109,4.0,0.5,80.0
1.119,4.0,0.5,80.0
1.129,4.0,0.5,80.0
1.148,4.0,0.5,80.0
1.152,4.0,0.5,80.0
1.159,4.0,0.5,80.0
1.169,4.0,0.5,80.0
1.179,4.0,0.5,80.0
1.189,4.0,0.5,80.0
1.209,4.0,0.5,80.0
1.213,4.0,0.5,80.0
1.219,4.0,0.5,80.0
1.229,4.0,0.5,80.0
1.239,4.0,0.5,80.0
1.249,4.0,0.5,80.0
1.268,4.0,0.5,80.0
1.272,4.0,0.5,80.0
1.279,4.0,0.5,80.0
1.289,4.0,0.5,80.0
1.299,4.0,0.5,80.0
1.309,4.0,0.5,80.0
1.329,4.0,0.5,80.0
1.333,4.0,0.5,80.0
1.339,4.0,0.5,80.0
1.349,4.0,0.5,80.0
1.359,4.0,0.5,80.0
1.369,4.0,0.5,80.0
1.388,4.0,0.5,80.0
1.392,4.0,0.5,80.0
1.399,4.0,0.5,80.0
1.409,4.0,0.5,80.0
1.419,4.0,0.5,80.0
1.429,4.0,0.5,80.0
1.449,4.0,0.5,80.0
1.452,4.0,0.5,80.0
1.459,4.0,0.5,80.0
1.469,4.0,0.5,80.0
1.479,4.0,0.5,80.0
1.489,4.0,0.5,80.0
1.509,4.0,0.5,80.0
1.513,4.0,0.5,80.0
1.519,4.0,0.5,80.0
1.529,4.0,0.5,80.0
1.539,4.0,0.5,80.0
1.549,4.0,0.5,80.0
1.568,4.0,0.5,80.0
1.572,4.0,0.5,80.0
1.579,4.0,0.5,80.0
1.589,4.0,0.5,80.0
1.599,4.0,0.5,80.0
1.609,4.0,0.5,80.0
1.629,4.0,0.5,80.0
1.632,4.0,0.5,80.0
1.639,4.0,0.5,80.0
1.65,4.0,0.5,80.0
1.659,4.0,0.5,80.0
1.669,4.0,0.5,80.0
1.688,4.0,0.5,80.0
1.692,4.0,0.5,80.0
1.699,4.0,0.5,80.0
1.709,4.0,0.5,80.0
1.719,4.0,0.5,80.0
1.729,4.0,0.5,80.0
1.749,4.0,0.5,80.0
1.753,4.0,0.5,80.0
1.759,4.0,0.5,80.0
1.769,4.0,0.5,80.0
1.779,4.0,0.5,80.0
1.789,4.0,0.5,80.0
1.809,4.0,0.5,80.0
1.813,4.0,0.5,80.0
1.819,4.0,0.5,80.0
1.829,4.0,0.5,80.0
1.839,4.0,0.5,80.0
1.849,4.0,0.5,80.0
1.868,4.0,0.5,80.0
1.872,4.0,0.5,80.0
1.879,4.0,0.5,80.0
1.889,4.0,0.5,80.0
1.899,4.0,0.5,80.0
1.909,4.0,0.5,80.0
1.929,4.0,0.5,80.0
1.932,4.0,0.5,80.0
1.939,4.0,0.5,80.0
1.949,4.0,0.5,80.0
1.959,4.0,0.5,80.0
1.969,4.0,0.5,80.0
1.988,4.0,0.5,80.0
1.992,4.0,0.5,80.0
1.999,4.0,0.5,80.0
2.009,4.0,0.5,80.0
2.019,4.0,0.5,80.0
2.029,4.0,0.5,80.0
2.049,4.0,0.5,80.0
2.053,4.0,0.5,80.0
2.059,4.0,0.5,80.0
2.069,4.0,0.5,80.0
2.079,4.0,0.5,80.0
2.089,4.0,0.5,80.0
2.109,4.0,0.5,80.0
2.113,4.0,0.5,80.0
2.119,4.0,0.5,80.0
2.129,4.0,0.5,80.0
2.139,4.0,0.5,80.0
2.149,4.0,0.5,80.0
2.169,4.0,0.5,80.0
2.172,4.0,0.5,80.0
2.179,4.0,0.5,80.0
2.189,4.0,0.5,80.0
2.2,4.0,0.5,80.0
2.209,4.0,0.5,80.0
2.229,4.0,0.5,80.0
2.233,4.0,0.5,80.0
2.239,4.0,0.5,80.0
2.249,4.0,0.5,80.0
2.259,4.0,0.5,80.0
2.269,4.0,0.5,80.0
2.288,4.0,0.5,80.0
2.292,4.0,0.5,80.0
2.299,4.0,0.5,80.0
2.309,4.0,0.5,80.0
2.319,4.0,0.5,80.0
2.329,4.0,0.5,80.0
2.349,4.0,0.5,80.0
2.353,4.0,0.5,80.0
2.359,4.0,0.5,80.0
2.369,4.0,0.5,80.0
2.379,4.0,0.5,80.0
2.389,4.0,0.5,80.0
2.409,4.0,0.5,80.0
2.413,4.0,0.5,80.0
2.419,4.0,0.5,80.0
2.429,4.0,0.5,80.0
2.439,4.0,0.5,80.0
2.449,4.0,0.5,80.0
2.469,4.0,0.5,80.0
2.473,4.0,0.5,80.0
2.479,4.0,0.5,80.0
2.489,4.0,0.5,80.0
2.499,4.0,0.5,80.0
2.509,4.0,0.5,80.0
2.529,4.0,0.5,80.0
2.533,4.0,0.5,80.0
2.539,4.0,0.5,80.0
2.549,4.0,0.5,80.0
2.559,4.0,0.5,80.0
2.569,4.0,0.5,80.0
2.589,4.0,0.5,80.0
2.593,4.0,0.5,80.0
2.599,4.0,0.5,80.0
2.609,4.0,0.5,80.0
2.619,4.0,0.5,80.0
2.629,4.0,0.5,80.0
2.649,4.0,0.5,80.0
2.653,4.0,0.5,80.0
2.659,4.0,0.5,80.0
2.669,4.0,0.5,80.0
2.679,4.0,0.5,80.0
2.689,4.0,0.5,80.0
2.709,4.0,0.5,80.0
2.713,4.0,0.5,80.0
2.719,4.0,0.5,80.0
2.729,4.0,0.5,80.0
2.739,4.0,0.5,80.0
2.749,4.0,0.5,80.0
2.769,4.0,0.5,80.0
2.773,4.0,0.5,80.0
2.779,4.0,0.5,80.0
2.789,4.0,0.5,80.0
2.799,4.0,0.5,80.0
2.809,4.0,0.5,80.0
2.829,4.0,0.5,80.0
2.832,4.0,0.5,80.0
2.839,4.0,0.5,80.0
2.849,4.0,0.5,80.0
2.859,4.0,0.5,80.0
2.869,4.0,0.5,80.0
2.889,4.0,0.5,80.0
2.892,4.0,0.5,80.0
2.899,4.0,0.5,80.0
2.909,4.0,0.5,80.0
2.919,4.0,0.5,80.0
2.929,4.0,0.5,80.0
2.949,4.0,0.5,80.0
2.952,4.0,0.5,80.0
2.959,4.0,0.5,80.0
2.969,4.0,0.5,80.0
2.979,4.0,0.5,80.0
2.989,4.0,0.5,80.0
3.009,4.0,0.5,80.0
3.013,4.0,0.5,80.0
3.019,4.0,0.5,80.0
3.029,4.0,0.5,80.0
3.039,4.0,0.5,80.0
3.049,4.0,0.5,80.0
3.069,4.0,0.5,80.0
3.073,4.0,0.5,80.0
3.079,4.0,0.5,80.0
3.089,4.0,0.5,80.0
3.099,4.0,0.5,80.0
3.109,4.0,0.5,80.0
3.129,4.0,0.5,80.0
3.133,4.0,0.5,80.0
3.139,4.0,0.5,80.0
3.149,4.0,0.5,80.0
3.159,4.0,0.5,80.0
3.169,4.0,0.5,80.0
3.189,4.0,0.5,80.0
3.193,4.0,0.5,80.0
3.199,4.0,0.5,80.0
3.209,4.0,0.5,80.0
3.219,4.0,0.5,80.0
3.229,4.0,0.5,80.0
3.249,4.0,0.5,80.0
3.252,4.0,0.5,80.0
3.259,4.0,0.5,80.0
3.269,4.0,0.5,80.0
3.279,4.0,0.5,80.0
3.289,4.0,0.5,80.0
3.309,4.0,0.5,80.0
3.312,4.0,0.5,80.0
3.319,4.0,0.5,80.0
3.329,4.0,0.5,80.0
3.339,4.0,0.5,80.0
3.349,4.0,0.5,80.0
3.369,4.0,0.5,80.0
3.373,4.0,0.5,80.0
3.379,4.0,0.5,80.0
3.389,4.0,0.5,80.0
3.399,4.0,0.5,80.0
3.409,4.0,0.5,80.0
3.429,4.0,0.5,80.0
3.433,4.0,0.5,80.0
3.439,4.0,0.5,80.0
3.449,4.0,0.5,80.0
3.459,4.0,0.5,80.0
3.469,4.0,0.5,80.0
3.489,4.0,0.5,80.0
3.492,4.0,0.5,80.0
3.499,4.0,0.5,80.0
3.509,4.0,0.5,80.0
3.519,4.0,0.5,80.0
3.529,4.0,0.5,80.0
3.549,4.0,0.5,80.0
3.552,4.0,0.5,80.0
3.559,4.0,0.5,80.0
3.569,4.0,0.5,80.0
3.579,4.0,0.5,80.0
3.589,4.0,0.5,80.0
3.609,4.0,0.5,80.0
3.613,4.0,0.5,80.0
3.619,4.0,0.5,80.0
3.629,4.0,0.5,80.0
3.639,4.0,0.5,80.0
3.649,4.0,0.5,80.0
3.669,4.0,0.5,80.0
3.673,4.0,0.5,80.0
3.679,4.0,0.5,80.0
3.689,4.0,0.5,80.0
3.699,4.0,0.5,80.0
3.709,4.0,0.5,80.0
3.729,4.0,0.5,80.0
3.732,4.0,0.5,80.0
3.739,4.0,0.5,80.0
3.749,4.0,0.5,80.0
3.759,4.0,0.5,80.0
3.769,4.0,0.5,80.0
3.788,4.0,0.5,80.0
3.792,4.0,0.5,80.0
3.799,4.0,0.5,80.0
3.809,4.0,0.5,80.0
3.819,4.0,0.5,80.0
3.829,4.0,0.5,80.0
3.849,4.0,0.5,80.0
3.852,4.0,0.5,80.0
3.859,4.0,0.5,80.0
3.869,4.0,0.5,80.0
3.879,4.0,0.5,80.0
3.889,4.0,0.5,80.0
3.909,4.0,0.5,80.0
3.912,4.0,0.5,80.0
3.919,4.0,0.5,80.0
3.929,4.0,0.5,80.0
3.939,4.0,0.5,80.0
3.949,4.0,0.5,80.0
3.969,4.0,0.5,80.0
3.972,4.0,0.5,80.0
3.979,4.0,0.5,80.0
3.989,4.0,0.5,80.0
3.999,4.0,0.5,80.0
4.009,4.0,0.5,80.0
4.029,4.0,0.5,80.0
4.032,4.0,0.5,80.0
4.039,4.0,0.5,80.0
4.049,4.0,0.5,80.0
4.059,4.0,0.5,80.0
4.069,4.0,0.5,80.0
4.088,4.0,0.5,80.0
4.092,4.0,0.5,80.0
4.099,4.0,0.5,80.0
4.109,4.0,0.5,80.0
4.119,4.0,0.5,80.0
4.129,4.0,0.5,80.0
4.149,4.0,0.5,80.0
4.153,4.0,0.5,80.0
4.159,4.0,0.5,80.0
4.169,4.0,0.5,80.0
4.179,4.0,0.5,80.0
4.189,4.0,0.5,80.0
4.209,4.0,0.5,80.0
4.213,4.0,0.5,80.0
4.219,4.0,0.5,80.0
4.229,4.0,0.5,80.0
4.239,4.0,0.5,80.0
4.249,4.0,0.5,80.0
4.269,4.0,0.5,80.0
4.273,4.0,0.5,80.0
4.279,4.0,0.5,80.0
4.289,4.0,0.5,80.0
4.299,4.0,0.5,80.0
4.309,4.0,0.5,80.0
4.329,4.0,0.5,80.0
4.332,4.0,0.5,80.0
4.339,4.0,0.5,80.0
4.349,4.0,0.5,80.0
4.359,4.0,0.5,80.0
4.369,4.0,0.5,80.0
4.389,4.0,0.5,80.0
4.393,4.0,0.5,80.0
4.399,4.0,0.5,80.0
4.409,4.0,0.5,80.0
4.419,4.0,0.5,80.0
4.429,4.0,0.5,80.0
4.449,4.0,0.5,80.0
4.453,4.0,0.5,80.0
4.459,4.0,0.5,80.0
4.469,4.0,0.5,80.0
4.479,4.0,0.5,80.0
4.489,4.0,0.5,80.0
4.51,4.0,0.5,80.0
4.514,4.0,0.5,80.0
4.519,4.0,0.5,80.0
4.529,4.0,0.5,80.0
4.539,4.0,0.5,80.0
4.549,4.0,0.5,80.0
4.568,4.0,0.5,80.0
4.572,4.0,0.5,80.0
4.579,4.0,0.5,80.0
4.589,4.0,0.5,80.0
4.599,4.0,0.5,80.0
4.609,4.0,0.5,80.0
4.629,4.0,0.5,80.0
4.632,4.0,0.5,80.0
4.639,4.0,0.5,80.0
4.649,4.0,0.5,80.0
4.659,4.0,0.5,80.0
4.669,4.0,0.5,80.0
4.688,4.0,0.5,80.0
4.692,4.0,0.5,80.0
4.699,4.0,0.5,80.0
4.709,4.0,0.5,80.0
4.719,4.0,0.5,80.0
4.729,4.0,0.5,80.0
4.749,4.0,0.5,80.0
4.753,4.0,0.5,80.0
4.759,4.0,0.5,80.0
4.769,4.0,0.5,80.0
4.779,4.0,0.5,80.0
4.789,4.0,0.5,80.0
4.809,4.0,0.5,80.0
4.812,4.0,0.5,80.0
4.819,4.0,0.5,80.0
4.829,4.0,0.5,80.0
4.839,4.0,0.5,80.0
4.849,4.0,0.5,80.0
4.869,4.0,0.5,80.0
4.872,4.0,0.5,80.0
4.879,4.0,0.5,80.0
4.889,4.0,0.5,80.0
4.899,4.0,0.5,80.0
4.909,4.0,0.5,80.0
4.929,4.0,0.5,80.0
4.933,4.0,0.5,80.0
4.939,4.0,0.5,80.0
4.949,4.0,0.5,80.0
4.959,4.0,0.5,80.0
4.969,4.0,0.5,80.0
4.988,4.0,0.5,80.0
4.992,4.0,0.5,80.0
4.999,4.0,0.5,80.0
5.009,4.0,0.5,80.0
5.019,4.0,0.5,80.0
5.029,4.0,0.5,80.0
5.049,4.0,0.5,80.0
5.053,4.0,0.5,80.0
5.059,4.0,0.5,80.0
5.069,4.0,0.5,80.0
5.079,4.0,0.5,80.0
5.089,4.0,0.5,80.0
5.109,4.0,0.5,80.0
5.112,4.0,0.5,80.0
5.119,4.0,0.5,80.0
5.129,4.0,0.5,80.0
5.139,4.0,0.5,80.0
5.149,4.0,0.5,80.0
5.169,4.0,0.5,80.0
5.172,4.0,0.5,80.0
5.179,4.0,0.5,80.0
5.189,4.0,0.5,80.0
5.199,4.0,0.5,80.0
5.209,4.0,0.5,80.0
5.229,4.0,0.5,80.0
5.233,4.0,0.5,80.0
5.239,4.0,0.5,80.0
5.249,4.0,0.5,80.0
5.259,4.0,0.5,80.0
5.269,4.0,0.5,80.0
5.289,4.0,0.5,80.0
5.292,4.0,0.5,80.0
5.299,4.0,0.5,80.0
5.309,4.0,0.5,80.0
5.319,4.0,0.5,80.0
5.329,4.0,0.5,80.0
5.349,4.0,0.5,80.0
5.352,4.0,0.5,80.0
5.359,4.0,0.5,80.0
5.369,4.0,0.5,80.0
5.379,4.0,0.5,80.0
5.389,4.0,0.5,80.0
5.409,4.0,0.5,80.0
5.413,4.0,0.5,80.0
5.419,4.0,0.5,80.0
5.429,4.0,0.5,80.0
5.439,4.0,0.5,80.0
5.449,4.0,0.5,80.0
5.469,4.0,0.5,80.0
5.473,4.0,0.5,80.0
5.479,4.0,0.5,80.0
5.489,4.0,0.5,80.0
5.499,4.0,0.5,80.0
5.509,4.0,0.5,80.0
5.529,4.0,0.5,80.0
5.532,4.0,0.5,80.0
5.539,4.0,0.5,80.0
5.549,4.0,0.5,80.0
5.559,4.0,0.5,80.0
5.569,4.0,0.5,80.0
5.589,4.0,0.5,80.0
5.592,4.0,0.5,80.0
5.599,4.0,0.5,80.0
5.609,4.0,0.5,80.0
5.619,4.0,0.5,80.0
5.629,4.0,0.5,80.0
5.649,4.0,0.5,80.0
5.653,4.0,0.5,80.0
5.659,4.0,0.5,80.0
5.67,4.0,0.5,80.0
5.679,4.0,0.5,80.0
5.689,4.0,0.5,80.0
5.709,4.0,0.5,80.0
5.712,4.0,0.5,80.0
5.719,4.0,0.5,80.0
5.729,4.0,0.5,80.0
5.739,4.0,0.5,80.0
5.749,4.0,0.5,80.0
5.769,4.0,0.5,80.0
5.772,4.0,0.5,80.0
5.779,4.0,0.5,80.0
5.789,4.0,0.5,80.0
5.799,4.0,0.5,80.0
5.809,4.0,0.5,80.0
5.829,4.0,0.5,80.0
5.832,4.0,0.5,80.0
5.839,4.0,0.5,80.0
5.849,4.0,0.5,80.0
5.859,4.0,0.5,80.0
5.869,4.0,0.5,80.0
5.888,4.0,0.5,80.0
5.892,4.0,0.5,80.0
5.899,4.0,0.5,80.0
5.909,4.0,0.5,80.0
5.919,4.0,0.5,80.0
5.929,4.0,0.5,80.0
5.949,4.0,0.5,80.0
5.953,4.0,0.5,80.0
5.959,4.0,0.5,80.0
5.969,4.0,0.5,80.0
5.979,4.0,0.5,80.0
5.989,4.0,0.5,80.0
6.009,4.0,0.5,80.0
6.012,4.0,0.5,80.0
6.019,4.0,0.5,80.0
6.03,4.0,0.5,80.0
6.039,4.0,0.5,80.0
6.049,4.0,0.5,80.0
6.069,4.0,0.5,80.0
6.073,4.0,0.5,80.0
6.079,4.0,0.5,80.0
6.089,4.0,0.5,80.0
6.099,4.0,0.5,80.0
6.109,4.0,0.5,80.0
6.129,4.0,0.5,80.0
6.132,4.0,0.5,80.0
6.139,4.0,0.5,80.0
6.149,4.0,0.5,80.0
6.159,4.0,0.5,80.0
6.169,4.0,0.5,80.0
6.188,4.0,0.5,80.0
6.192,4.0,0.5,80.0
6.199,4.0,0.5,80.0
6.209,4.0,0.5,80.0
6.219,4.0,0.5,80.0
6.229,4.0,0.5,80.0
6.249,4.0,0.5,80.0
6.252,4.0,0.5,80.0
6.259,4.0,0.5,80.0
6.269,4.0,0.5,80.0
6.279,4.0,0.5,80.0
6.289,4.0,0.5,80.0
6.309,4.0,0.5,80.0
6.313,4.0,0.5,80.0
6.319,4.0,0.5,80.0
6.329,4.0,0.5,80.0
6.339,4.0,0.5,80.0
6.349,4.0,0.5,80.0
6.368,4.0,0.5,80.0
6.372,4.0,0.5,80.0
6.379,4.0,0.5,80.0
6.389,4.0,0.5,80.0
6.399,4.0,0.5,80.0
6.409,4.0,0.5,80.0
6.429,4.0,0.5,80.0
6.432,4.0,0.5,80.0
6.439,4.0,0.5,80.0
6.449,4.0,0.5,80.0
6.459,4.0,0.5,80.0
6.469,4.0,0.5,80.0
6.488,4.0,0.5,80.0
6.492,4.0,0.5,80.0
6.499,4.0,0.5,80.0
6.509,4.0,0.5,80.0
6.519,4.0,0.5,80.0
6.529,4.0,0.5,80.0
6.549,4.0,0.5,80.0
6.552,4.0,0.5,80.0
6.559,4.0,0.5,80.0
6.569,4.0,0.5,80.0
6.579,4.0,0.5,80.0
6.589,4.0,0.5,80.0
6.609,4.0,0.5,80.0
6.613,4.0,0.5,80.0
6.619,4.0,0.5,80.0
6.629,4.0,0.5,80.0
6.639,4.0,0.5,80.0
6.649,4.0,0.5,80.0
6.669,4.0,0.5,80.0
6.673,4.0,0.5,80.0
6.68,4.0,0.5,80.0
6.689,4.0,0.5,80.0
6.699,4.0,0.5,80.0
6.709,4.0,0.5,80.0
6.729,4.0,0.5,80.0
6.732,4.0,0.5,80.0
6.739,4.0,0.5,80.0
6.749,4.0,0.5,80.0
6.759,4.0,0.5,80.0
6.769,4.0,0.5,80.0
6.788,4.0,0.5,80.0
6.792,4.0,0.5,80.0
6.799,4.0,0.5,80.0
6.809,4.0,0.5,80.0
6.819,4.0,0.5,80.0
6.829,4.0,0.5,80.0
6.849,4.0,0.5,80.0
6.853,4.0,0.5,80.0
6.859,4.0,0.5,80.0
6.869,4.0,0.5,80.0
6.879,4.0,0.5,80.0
6.889,4.0,0.5,80.0
6.909,4.0,0.5,80.0
6.913,4.0,0.5,80.0
6.919,4.0,0.5,80.0
6.929,4.0,0.5,80.0
6.939,4.0,0.5,80.0
6.949,4.0,0.5,80.0
6.969,4.0,0.5,80.0
6.973,4.0,0.5,80.0
6.979,4.0,0.5,80.0
6.989,4.0,0.5,80.0
6.999,4.0,0.5,80.0
7.009,4.0,0.5,80.0
7.029,4.0,0.5,80.0
7.033,4.0,0.5,80.0
7.039,4.0,0.5,80.0
7.049,4.0,0.5,80.0
7.059,4.0,0.5,80.0
7.069,4.0,0.5,80.0
7.089,4.0,0.5,80.0
7.092,4.0,0.5,80.0
7.099,4.0,0.5,80.0
7.109,4.0,0.5,80.0
7.119,4.0,0.5,80.0
7.129,4.0,0.5,80.0
7.149,4.0,0.5,80.0
7.152,4.0,0.5,80.0
7.159,4.0,0.5,80.0
7.169,4.0,0.5,80.0
7.179,4.0,0.5,80.0
7.189,4.0,0.5,80.0
7.209,4.0,0.5,80.0
7.212,4.0,0.5,80.0
7.219,4.0,0.5,80.0
7.229,4.0,0.5,80.0
7.239,4.0,0.5,80.0
7.249,4.0,0.5,80.0
7.269,4.0,0.5,80.0
7.272,4.0,0.5,80.0
7.279,4.0,0.5,80.0
7.289,4.0,0.5,80.0
7.299,4.0,0.5,80.0
7.309,4.0,0.5,80.0
7.329,4.0,0.5,80.0
7.333,4.0,0.5,80.0
7.339,4.0,0.5,80.0
7.349,4.0,0.5,80.0
7.359,4.0,0.5,80.0
7.369,4.0,0.5,80.0
7.389,4.0,0.5,80.0
7.393,4.0,0.5,80.0
7.399,4.0,0.5,80.0
7.409,4.0,0.5,80.0
7.419,4.0,0.5,80.0
7.429,4.0,0.5,80.0
7.449,4.0,0.5,80.0
7.452,4.0,0.5,80.0
7.459,4.0,0.5,80.0
7.469,4.0,0.5,80.0
7.479,4.0,0.5,80.0
7.489,4.0,0.5,80.0
7.509,4.0,0.5,80.0
7.513,4.0,0.5,80.0
7.519,4.0,0.5,80.0
7.529,4.0,0.5,80.0
7.539,4.0,0.5,80.0
7.549,4.0,0.5,80.0
7.569,4.0,0.5,80.0
7.572,4.0,0.5,80.0
7.579,4.0,0.5,80.0
7.589,4.0,0.5,80.0
7.599,4.0,0.5,80.0
7.609,4.0,0.5,80.0
7.629,4.0,0.5,80.0
7.632,4.0,0.5,80.0
7.639,4.0,0.5,80.0
7.649,4.0,0.5,80.0
7.659,4.0,0.5,80.0
7.669,4.0,0.5,80.0
7.69,4.0,0.5,80.0
7.694,4.0,0.5,80.0
7.699,4.0,0.5,80.0
7.709,4.0,0.5,80.0
7.719,4.0,0.5,80.0
7.729,4.0,0.5,80.0
7.749,4.0,0.5,80.0
7.753,4.0,0.5,80.0
7.759,4.0,0.5,80.0
7.769,4.0,0.5,80.0
7.779,4.0,0.5,80.0
7.789,4.0,0.5,80.0
7.81,4.0,0.5,80.0
7.814,4.0,0.5,80.0
7.819,4.0,0.5,80.0
7.829,4.0,0.5,80.0
7.839,4.0,0.5,80.0
7.849,4.0,0.5,80.0
7.869,4.0,0.5,80.0
7.873,4.0,0.5,80.0
7.879,4.0,0.5,80.0
7.889,4.0,0.5,80.0
7.899,4.0,0.5,80.0
7.909,4.0,0.5,80.0
7.929,4.0,0.5,80.0
7.932,4.0,0.5,80.0
7.939,4.0,0.5,80.0
7.949,4.0,0.5,80.0
7.959,4.0,0.5,80.0
7.969,4.0,0.5,80.0
7.989,4.0,0.5,80.0
7.993,4.0,0.5,80.0
7.999,4.0,0.5,80.0
8.009,4.0,0.5,80.0
8.019,4.0,0.5,80.0
8.029,4.0,0.5,80.0
8.049,4.0,0.5,80.0
8.052,4.0,0.5,80.0
8.059,4.0,0.5,80.0
8.069,4.0,0.5,80.0
8.079,4.0,0.5,80.0
8.089,4.0,0.5,80.0
8.109,4.0,0.5,80.0
8.113,4.0,0.5,80.0
8.119,4.0,0.5,80.0
8.129,4.0,0.5,80.0
8.139,4.0,0.5,80.0
8.149,4.0,0.5,80.0
8.169,4.0,0.5,80.0
8.172,4.0,0.5,80.0
8.179,4.0,0.5,80.0
8.189,4.0,0.5,80.0
8.199,4.0,0.5,80.0
8.209,4.0,0.5,80.0
8.229,4.0,0.5,80.0
8.232,4.0,0.5,80.0
8.239,4.0,0.5,80.0
8.249,4.0,0.5,80.0
8.259,4.0,0.5,80.0
8.269,4.0,0.5,80.0
8.289,4.0,0.5,80.0
8.293,4.0,0.5,80.0
8.299,4.0,0.5,80.0
8.309,4.0,0.5,80.0
8.319,4.0,0.5,80.0
8.329,4.0,0.5,80.0
8.349,4.0,0.5,80.0
8.353,4.0,0.5,80.0
8.359,4.0,0.5,80.0
8.369,4.0,0.5,80.0
8.379,4.0,0.5,80.0
8.389,4.0,0.5,80.0
8.408,4.0,0.5,80.0
8.412,4.0,0.5,80.0
8.419,4.0,0.5,80.0
8.429,4.0,0.5,80.0
8.439,4.0,0.5,80.0
8.449,4.0,0.5,80.0
8.469,4.0,0.5,80.0
8.473,4.0,0.5,80.0
8.479,4.0,0.5,80.0
8.489,4.0,0.5,80.0
8.499,4.0,0.5,80.0
8.509,4.0,0.5,80.0
8.53,4.0,0.5,80.0
8.533,4.0,0.5,80.0
8.539,4.0,0.5,80.0
8.549,4.0,0.5,80.0
8.559,4.0,0.5,80.0
8.569,4.0,0.5,80.0
8.589,4.0,0.5,80.0
8.593,4.0,0.5,80.0
8.599,4.0,0.5,80.0
8.609,4.0,0.5,80.0
8.619,4.0,0.5,80.0
8.629,4.0,0.5,80.0
8.649,4.0,0.5,80.0
8.653,4.0,0.5,80.0
8.659,4.0,0.5,80.0
8.669,4.0,0.5,80.0
8.679,4.0,0.5,80.0
8.689,4.0,0.5,80.0
8.709,4.0,0.5,80.0
8.713,4.0,0.5,80.0
8.719,4.0,0.5,80.0
8.729,4.0,0.5,80.0
8.739,4.0,0.5,80.0
8.749,4.0,0.5,80.0
8.769,4.0,0.5,80.0
8.772,4.0,0.5,80.0
8.779,4.0,0.5,80.0
8.789,4.0,0.5,80.0
8.799,4.0,0.5,80.0
8.809,4.0,0.5,80.0
8.828,4.0,0.5,80.0
8.832,4.0,0.5,80.0
8.839,4.0,0.5,80.0
8.849,4.0,0.5,80.0
8.859,4.0,0.5,80.0
8.869,4.0,0.5,80.0
8.889,4.0,0.5,80.0
8.892,4.0,0.5,80.0
8.899,4.0,0.5,80.0
8.909,4.0,0.5,80.0
8.919,4.0,0.5,80.0
8.929,4.0,0.5,80.0
8.95,4.0,0.5,80.0
8.954,4.0,0.5,80.0
8.959,4.0,0.5,80.0
8.969,4.0,0.5,80.0
8.979,4.0,0.5,80.0
8.989,4.0,0.5,80.0
9.008,4.0,0.5,80.0
9.013,4.0,0.5,80.0
9.019,4.0,0.5,80.0
9.029,4.0,0.5,80.0
9.039,4.0,0.5,80.0
9.049,4.0,0.5,80.0
9.069,4.0,0.5,80.0
9.073,4.0,0.5,80.0
9.079,4.0,0.5,80.0
9.089,4.0,0.5,80.0
9.099,4.0,0.5,80.0
9.109,4.0,0.5,80.0
9.128,4.0,0.5,80.0
9.132,4.0,0.5,80.0
9.139,4.0,0.5,80.0
9.149,4.0,0.5,80.0
9.159,4.0,0.5,80.0
9.169,4.0,0.5,80.0
9.189,4.0,0.5,80.0
9.193,4.0,0.5,80.0
9.2,4.0,0.5,80.0
9.209,4.0,0.5,80.0
9.219,4.0,0.5,80.0
9.229,4.0,0.5,80.0
9.249,4.0,0.5,80.0
9.252,4.0,0.5,80.0
9.259,4.0,0.5,80.0
9.269,4.0,0.5,80.0
9.279,4.0,0.5,80.0
9.289,4.0,0.5,80.0
9.308,4.0,0.5,80.0
9.312,4.0,0.5,80.0
9.319,4.0,0.5,80.0
9.329,4.0,0.5,80.0
9.339,4.0,0.5,80.0
9.349,4.0,0.5,80.0
9.369,4.0,0.5,80.0
9.373,4.0,0.5,80.0
9.379,4.0,0.5,80.0
9.389,4.0,0.5,80.0
9.399,4.0,0.5,80.0
9.409,4.0,0.5,80.0
9.428,4.0,0.5,80.0
9.432,4.0,0.5,80.0
9.439,4.0,0.5,80.0
9.449,4.0,0.5,80.0
9.459,4.0,0.5,80.0
9.469,4.0,0.5,80.0
9.489,4.0,0.5,80.0
9.492,4.0,0.5,80.0
9.499,4.0,0.5,80.0
9.509,4.0,0.5,80.0
9.519,4.0,0.5,80.0
9.529,4.0,0.5,80.0
9.55,4.0,0.5,80.0
9.554,4.0,0.5,80.0
9.56,4.0,0.5,80.0
9.569,4.0,0.5,80.0
9.579,4.0,0.5,80.0
9.589,4.0,0.5,80.0
9.608,4.0,0.5,80.0
9.612,4.0,0.5,80.0
9.619,4.0,0.5,80.0
9.629,4.0,0.5,80.0
9.639,4.0,0.5,80.0
9.649,4.0,0.5,80.0
9.669,4.0,0.5,80.0
9.673,4.0,0.5,80.0
9.679,4.0,0.5,80.0
9.689,4.0,0.5,80.0
9.699,4.0,0.5,80.0
9.709,4.0,0.5,80.0
9.728,4.0,0.5,80.0
9.732,4.0,0.5,80.0
9.739,4.0,0.5,80.0
9.749,4.0,0.5,80.0
9.759,4.0,0.5,80.0
9.769,4.0,0.5,80.0
9.789,4.0,0.5,80.0
9.793,4.0,0.5,80.0
9.799,4.0,0.5,80.0
9.809,4.0,0.5,80.0
9.819,4.0,0.5,80.0
9.829,4.0,0.5,80.0
9.85,4.0,0.5,80.0
9.853,4.0,0.5,80.0
9.859,4.0,0.5,80.0
9.869,4.0,0.5,80.0
9.879,4.0,0.5,80.0
9.889,4.0,0.5,80.0
9.908,4.0,0.5,80.0
9.912,4.0,0.5,80.0
9.919,4.0,0.5,80.0
9.929,4.0,0.5,80.0
9.939,4.0,0.5,80.0
9.949,4.0,0.5,80.0
9.969,4.0,0.5,80.0
9.972,4.0,0.5,80.0
9.979,4.0,0.5,80.0
9.989,4.0,0.5,80.0
9.999,4.0,0.5,80.0
10.009,4.0,0.5,80.0
10.029,4.0,0.5,80.0
10.032,4.0,0.5,80.0
10.039,4.0,0.5,80.0
10.049,4.0,0.5,80.0
10.059,4.0,0.5,80.0
10.069,4.0,0.5,80.0
10.089,4.0,0.5,80.0
10.093,4.0,0.5,80.0
10.099,4.0,0.5,80.0
10.109,4.0,0.5,80.0
10.119,4.0,0.5,80.0
10.129,4.0,0.5,80.0
10.149,4.0,0.5,80.0
10.153,4.0,0.5,80.0
10.159,4.0,0.5,80.0
10.169,4.0,0.5,80.0
10.179,4.0,0.5,80.0
10.189,4.0,0.5,80.0
10.208,4.0,0.5,80.0
10.212,4.0,0.5,80.0
10.219,4.0,0.5,80.0
10.229,4.0,0.5,80.0
10.239,4.0,0.5,80.0
10.249,4.0,0.5,80.0
10.269,4.0,0.5,80.0
10.272,4.0,0.5,80.0
10.279,4.0,0.5,80.0
10.289,4.0,0.5,80.0
10.299,4.0,0.5,80.0
10.309,4.0,0.5,80.0
10.322,4.0,0.5,80.0
10.329,4.0,0.5,80.0
10.339,4.0,0.5,80.0
10.349,4.0,0.5,80.0
10.359,4.0,0.5,80.0
10.369,4.0,0.5,80.0
10.389,4.0,0.5,80.0
10.393,4.0,0.5,80.0
10.399,4.0,0.5,80.0
10.409,4.0,0.5,80.0
10.419,4.0,0.5,80.0
10.429,4.0,0.5,80.0
10.446,4.0,0.5,80.0
10.45,4.0,0.5,80.0
10.459,4.0,0.5,80.0
10.469,4.0,0.5,80.0
10.479,4.0,0.5,80.0
10.489,4.0,0.5,80.0
10.503,4.0,0.5,80.0
10.509,4.0,0.5,80.0
10.519,4.0,0.5,80.0
10.529,4.0,0.5,80.0
10.539,4.0,0.5,80.0
10.549,4.0,0.5,80.0
10.569,4.0,0.5,80.0
10.572,4.0,0.5,80.0
10.579,4.0,0.5,80.0
10.589,4.0,0.5,80.0
10.599,4.0,0.5,80.0
10.609,4.0,0.5,80.0
10.628,4.0,0.5,80.0
10.631,4.0,0.5,80.0
10.639,4.0,0.5,80.0
10.649,4.0,0.5,80.0
10.659,4.0,0.5,80.0
10.669,4.0,0.5,80.0
10.688,4.0,0.5,80.0
10.692,4.0,0.5,80.0
10.699,4.0,0.5,80.0
10.709,4.0,0.5,80.0
10.719,4.0,0.5,80.0
10.729,4.0,0.5,80.0
10.749,4.0,0.5,80.0
10.752,4.0,0.5,80.0
10.759,4.0,0.5,80.0
10.769,4.0,0.5,80.0
10.779,4.0,0.5,80.0
10.789,4.0,0.5,80.0
10.806,4.0,0.5,80.0
10.809,4.0,0.5,80.0
10.819,4.0,0.5,80.0
10.829,4.0,0.5,80.0
10.839,4.0,0.5,80.0
10.849,4.0,0.5,80.0
10.868,4.0,0.5,80.0
10.872,4.0,0.5,80.0
10.879,4.0,0.5,80.0
10.889,4.0,0.5,80.0
10.899,4.0,0.5,80.0
10.909,4.0,0.5,80.0
10.928,4.0,0.5,80.0
10.932,4.0,0.5,80.0
10.939,4.0,0.5,80.0
10.949,4.0,0.5,80.0
10.959,4.0,0.5,80.0
10.969,4.0,0.5,80.0
10.989,4.0,0.5,80.0
10.992,4.0,0.5,80.0
10.999,4.0,0.5,80.0
11.009,4.0,0.5,80.0
11.019,4.0,0.5,80.0
11.029,4.0,0.5,80.0
11.049,4.0,0.5,80.0
11.053,4.0,0.5,80.0
11.059,4.0,0.5,80.0
11.069,4.0,0.5,80.0
11.079,4.0,0.5,80.0
11.089,4.0,0.5,80.0
11.106,4.0,0.5,80.0
11.109,4.0,0.5,80.0
11.119,4.0,0.5,80.0
11.129,4.0,0.5,80.0
11.139,4.0,0.5,80.0
11.149,4.0,0.5,80.0
11.169,4.0,0.5,80.0
11.172,4.0,0.5,80.0
11.179,4.0,0.5,80.0
11.189,4.0,0.5,80.0
11.199,4.0,0.5,80.0
11.209,4.0,0.5,80.0
11.226,4.0,0.5,80.0
11.23,4.0,0.5,80.0
11.239,4.0,0.5,80.0
11.249,4.0,0.5,80.0
11.259,4.0,0.5,80.0
11.269,4.0,0.5,80.0
11.289,4.0,0.5,80.0
11.293,4.0,0.5,80.0
11.299,4.0,0.5,80.0
11.309,4.0,0.5,80.0
11.319,4.0,0.5,80.0
11.329,4.0,0.5,80.0
11.348,4.0,0.5,80.0
11.351,4.0,0.5,80.0
11.359,4.0,0.5,80.0
11.369,4.0,0.5,80.0
11.379,4.0,0.5,80.0
11.389,4.0,0.5,80.0
11.402,4.0,0.5,80.0
11.409,4.0,0.5,80.0
11.419,4.0,0.5,80.0
11.429,4.0,0.5,80.0
11.439,4.0,0.5,80.0
11.449,4.0,0.5,80.0
11.469,4.0,0.5,80.0
11.472,4.0,0.5,80.0
11.479,4.0,0.5,80.0
11.489,4.0,0.5,80.0
11.499,4.0,0.5,80.0
11.509,4.0,0.5,80.0
11.523,4.0,0.5,80.0
11.529,4.0,0.5,80.0
11.539,4.0,0.5,80.0
11.549,4.0,0.5,80.0
11.559,4.0,0.5,80.0
11.569,4.0,0.5,80.0
11.588,4.0,0.5,80.0
11.592,4.0,0.5,80.0
11.599,4.0,0.5,80.0
11.609,4.0,0.5,80.0
11.619,4.0,0.5,80.0
11.629,4.0,0.5,80.0
11.642,4.0,0.5,80.0
11.649,4.0,0.5,80.0
11.659,4.0,0.5,80.0
11.669,4.0,0.5,80.0
11.679,4.0,0.5,80.0
11.689,4.0,0.5,80.0
11.702,4.0,0.5,80.0
11.709,4.0,0.5,80.0
11.72,4.0,0.5,80.0
11.729,4.0,0.5,80.0
11.739,4.0,0.5,80.0
11.749,4.0,0.5,80.0
11.762,4.0,0.5,80.0
11.769,4.0,0.5,80.0
11.779,4.0,0.5,80.0
11.789,4.0,0.5,80.0
11.799,4.0,0.5,80.0
11.819,4.0,0.5,80.0
11.823,4.0,0.5,80.0
11.829,4.0,0.5,80.0
11.839,4.0,0.5,80.0
11.849,4.0,0.5,80.0
11.859,4.0,0.5,80.0
11.878,4.0,0.5,80.0
11.882,4.0,0.5,80.0
11.889,4.0,0.5,80.0
11.899,4.0,0.5,80.0
11.909,4.0,0.5,80.0
11.919,4.0,0.5,80.0
11.939,4.0,0.5,80.0
11.942,4.0,0.5,80.0
11.949,4.0,0.5,80.0
11.959,4.0,0.5,80.0
11.969,4.0,0.5,80.0
11.979,4.0,0.5,80.0
11.998,4.0,0.5,80.0
12.003,4.0,0.5,80.0
12.009,4.0,0.5,80.0
12.019,4.0,0.5,80.0
12.029,4.0,0.5,80.0
12.039,4.0,0.5,80.0
12.058,4.0,0.5,80.0
12.062,4.0,0.5,80.0
12.069,4.0,0.5,80.0
12.079,4.0,0.5,80.0
12.089,4.0,0.5,80.0
12.099,4.0,0.5,80.0
12.119,4.0,0.5,80.0
12.123,4.0,0.5,80.0
12.129,4.0,0.5,80.0
12.139,4.0,0.5,80.0
12.149,4.0,0.5,80.0
12.159,4.0,0.5,80.0
12.178,4.0,0.5,80.0
12.182,4.0,0.5,80.0
12.189,4.0,0.5,80.0
12.199,4.0,0.5,80.0
12.209,4.0,0.5,80.0
12.219,4.0,0.5,80.0
12.239,4.0,0.5,80.0
12.243,4.0,0.5,80.0
12.249,4.0,0.5,80.0
12.259,4.0,0.5,80.0
12.269,4.0,0.5,80.0
12.279,4.0,0.5,80.0
12.298,4.0,0.5,80.0
12.303,4.0,0.5,80.0
12.309,4.0,0.5,80.0
12.319,4.0,0.5,80.0
12.329,4.0,0.5,80.0
12.339,4.0,0.5,80.0
12.358,4.0,0.5,80.0
12.362,4.0,0.5,80.0
12.369,4.0,0.5,80.0
12.379,4.0,0.5,80.0
12.389,4.0,0.5,80.0
12.399,4.0,0.5,80.0
12.419,4.0,0.5,80.0
12.423,4.0,0.5,80.0
12.429,4.0,0.5,80.0
12.439,4.0,0.5,80.0
12.449,4.0,0.5,80.0
12.459,4.0,0.5,80.0
12.478,4.0,0.5,80.0
12.482,4.0,0.5,80.0
12.489,4.0,0.5,80.0
12.499,4.0,0.5,80.0
12.509,4.0,0.5,80.0
12.519,4.0,0.5,80.0
12.539,4.0,0.5,80.0
12.543,4.0,0.5,80.0
12.549,4.0,0.5,80.0
12.559,4.0,0.5,80.0
12.569,4.0,0.5,80.0
12.579,4.0,0.5,80.0
12.598,4.0,0.5,80.0
12.603,4.0,0.5,80.0
12.609,4.0,0.5,80.0
12.619,4.0,0.5,80.0
12.629,4.0,0.5,80.0
12.639,4.0,0.5,80.0
12.659,4.0,0.5,80.0
12.662,4.0,0.5,80.0
12.669,4.0,0.5,80.0
12.679,4.0,0.5,80.0
12.689,4.0,0.5,80.0
12.699,4.0,0.5,80.0
12.719,4.0,0.5,80.0
12.723,4.0,0.5,80.0
12.73,4.0,0.5,80.0
12.739,4.0,0.5,80.0
12.749,4.0,0.5,80.0
12.759,4.0,0.5,80.0
12.778,4.0,0.5,80.0
12.782,4.0,0.5,80.0
12.789,4.0,0.5,80.0
12.799,4.0,0.5,80.0
12.809,4.0,0.5,80.0
12.819,4.0,0.5,80.0
12.839,4.0,0.5,80.0
12.842,4.0,0.5,80.0
12.849,4.0,0.5,80.0
12.859,4.0,0.5,80.0
12.869,4.0,0.5,80.0
12.879,4.0,0.5,80.0
12.898,4.0,0.5,80.0
12.903,4.0,0.5,80.0
12.909,4.0,0.5,80.0
12.919,4.0,0.5,80.0
12.929,4.0,0.5,80.0
12.939,4.0,0.5,80.0
12.959,4.0,0.5,80.0
12.962,4.0,0.5,80.0
12.969,4.0,0.5,80.0
12.979,4.0,0.5,80.0
12.989,4.0,0.5,80.0
12.999,4.0,0.5,80.0
13.019,4.0,0.5,80.0
13.023,4.0,0.5,80.0
13.029,4.0,0.5,80.0
13.039,4.0,0.5,80.0
13.049,4.0,0.5,80.0
13.059,4.0,0.5,80.0
13.078,4.0,0.5,80.0
13.082,4.0,0.5,80.0
13.089,4.0,0.5,80.0
13.099,4.0,0.5,80.0
13.109,4.0,0.5,80.0
13.119,4.0,0.5,80.0
13.139,4.0,0.5,80.0
13.143,4.0,0.5,80.0
13.149,4.0,0.5,80.0
13.159,4.0,0.5,80.0
13.169,4.0,0.5,80.0
13.179,4.0,0.5,80.0
13.198,4.0,0.5,80.0
13.203,4.0,0.5,80.0
13.209,4.0,0.5,80.0
13.219,4.0,0.5,80.0
13.229,4.0,0.5,80.0
13.239,4.0,0.5,80.0
13.259,4.0,0.5,80.0
13.262,4.0,0.5,80.0
13.269,4.0,0.5,80.0
13.279,4.0,0.5,80.0
13.289,4.0,0.5,80.0
13.299,4.0,0.5,80.0
13.319,4.0,0.5,80.0
13.323,4.0,0.5,80.0
13.329,4.0,0.5,80.0
13.339,4.0,0.5,80.0
13.349,4.0,0.5,80.0
13.359,4.0,0.5,80.0
13.379,4.0,0.5,80.0
13.382,4.0,0.5,80.0
13.389,4.0,0.5,80.0
13.399,4.0,0.5,80.0
13.409,4.0,0.5,80.0
13.419,4.0,0.5,80.0
13.439,4.0,0.5,80.0
13.442,4.0,0.5,80.0
13.449,4.0,0.5,80.0
13.459,4.0,0.5,80.0
13.469,4.0,0.5,80.0
13.479,4.0,0.5,80.0
13.498,4.0,0.5,80.0
13.503,4.0,0.5,80.0
13.509,4.0,0.5,80.0
13.519,4.0,0.5,80.0
13.529,4.0,0.5,80.0
13.539,4.0,0.5,80.0
13.559,4.0,0.5,80.0
13.563,4.0,0.5,80.0
13.569,4.0,0.5,80.0
13.579,4.0,0.5,80.0
13.589,4.0,0.5,80.0
13.599,4.0,0.5,80.0
13.619,4.0,0.5,80.0
13.622,4.0,0.5,80.0
13.629,4.0,0.5,80.0
13.639,4.0,0.5,80.0
13.649,4.0,0.5,80.0
13.659,4.0,0.5,80.0
13.679,4.0,0.5,80.0
13.682,4.0,0.5,80.0
13.689,4.0,0.5,80.0
13.699,4.0,0.5,80.0
13.709,4.0,0.5,80.0
13.719,4.0,0.5,80.0
13.74,4.0,0.5,80.0
13.744,4.0,0.5,80.0
13.749,4.0,0.5,80.0
13.759,4.0,0.5,80.0
13.769,4.0,0.5,80.0
13.779,4.0,0.5,80.0
13.799,4.0,0.5,80.0
13.803,4.0,0.5,80.0
13.809,4.0,0.5,80.0
13.819,4.0,0.5,80.0
13.829,4.0,0.5,80.0
13.839,4.0,0.5,80.0
13.859,4.0,0.5,80.0
13.863,4.0,0.5,80.0
13.869,4.0,0.5,80.0
13.879,4.0,0.5,80.0
13.889,4.0,0.5,80.0
13.899,4.0,0.5,80.0
13.919,4.0,0.5,80.0
13.922,4.0,0.5,80.0
13.929,4.0,0.5,80.0
13.939,4.0,0.5,80.0
13.949,4.0,0.5,80.0
13.959,4.0,0.5,80.0
13.979,4.0,0.5,80.0
13.983,4.0,0.5,80.0
13.989,4.0,0.5,80.0
13.999,4.0,0.5,80.0
14.009,4.0,0.5,80.0
14.019,4.0,0.5,80.0
14.039,4.0,0.5,80.0
14.043,4.0,0.5,80.0
14.049,4.0,0.5,80.0
14.059,4.0,0.5,80.0
14.069,4.0,0.5,80.0
14.079,4.0,0.5,80.0
14.099,4.0,0.5,80.0
14.103,4.0,0.5,80.0
14.109,4.0,0.5,80.0
14.119,4.0,0.5,80.0
14.129,4.0,0.5,80.0
14.139,4.0,0.5,80.0
14.159,4.0,0.5,80.0
14.163,4.0,0.5,80.0
14.169,4.0,0.5,80.0
14.179,4.0,0.5,80.0
14.189,4.0,0.5,80.0
14.199,4.0,0.5,80.0
14.219,4.0,0.5,80.0
14.222,4.0,0.5,80.0
14.229,4.0,0.5,80.0
14.239,4.0,0.5,80.0
14.249,4.0,0.5,80.0
14.259,4.0,0.5,80.0
14.279,4.0,0.5,80.0
14.282,4.0,0.5,80.0
14.289,4.0,0.5,80.0
14.299,4.0,0.5,80.0
14.309,4.0,0.5,80.0
14.319,4.0,0.5,80.0
14.339,4.0,0.5,80.0
14.343,4.0,0.5,80.0
14.349,4.0,0.5,80.0
14.359,4.0,0.5,80.0
14.369,4.0,0.5,80.0
14.379,4.0,0.5,80.0
14.399,4.0,0.5,80.0
14.403,4.0,0.5,80.0
14.409,4.0,0.5,80.0
14.419,4.0,0.5,80.0
14.429,4.0,0.5,80.0
14.439,4.0,0.5,80.0
14.459,4.0,0.5,80.0
14.463,4.0,0.5,80.0
14.469,4.0,0.5,80.0
14.479,4.0,0.5,80.0
14.489,4.0,0.5,80.0
14.499,4.0,0.5,80.0
14.519,4.0,0.5,80.0
14.523,4.0,0.5,80.0
14.529,4.0,0.5,80.0
14.539,4.0,0.5,80.0
14.549,4.0,0.5,80.0
14.559,4.0,0.5,80.0
14.579,4.0,0.5,80.0
14.582,4.0,0.5,80.0
14.589,4.0,0.5,80.0
14.599,4.0,0.5,80.0
14.609,4.0,0.5,80.0
14.619,4.0,0.5,80.0
14.639,4.0,0.5,80.0
14.643,4.0,0.5,80.0
14.649,4.0,0.5,80.0
14.659,4.0,0.5,80.0
14.669,4.0,0.5,80.0
14.679,4.0,0.5,80.0
14.699,4.0,0.5,80.0
14.703,4.0,0.5,80.0
14.709,4.0,0.5,80.0
14.719,4.0,0.5,80.0
14.729,4.0,0.5,80.0
14.74,4.0,0.5,80.0
14.759,4.0,0.5,80.0
14.762,4.0,0.5,80.0
14.769,4.0,0.5,80.0
14.779,4.0,0.5,80.0
14.789,4.0,0.5,80.0
14.799,4.0,0.5,80.0
14.819,4.0,0.5,80.0
14.822,4.0,0.5,80.0
14.829,4.0,0.5,80.0
14.839,4.0,0.5,80.0
14.849,4.0,0.5,80.0
14.859,4.0,0.5,80.0
14.879,4.0,0.5,80.0
14.883,4.0,0.5,80.0
14.889,4.0,0.5,80.0
14.899,4.0,0.5,80.0
14.909,4.0,0.5,80.0
14.919,4.0,0.5,80.0
14.939,4.0,0.5,80.0
14.943,4.0,0.5,80.0
14.949,4.0,0.5,80.0
14.959,4.0,0.5,80.0
14.969,4.0,0.5,80.0
14.979,4.0,0.5,80.0
14.999,4.0,0.5,80.0
15.003,4.0,0.5,80.0
15.009,4.0,0.5,80.0
15.02,4.0,0.5,80.0
15.029,4.0,0.5,80.0
15.039,4.0,0.5,80.0
15.059,4.0,0.5,80.0
15.063,4.0,0.5,80.0
15.069,4.0,0.5,80.0
15.079,4.0,0.5,80.0
15.089,4.0,0.5,80.0
15.099,4.0,0.5,80.0
15.119,4.0,0.5,80.0
15.123,4.0,0.5,80.0
15.129,4.0,0.5,80.0
15.139,4.0,0.5,80.0
15.149,4.0,0.5,80.0
15.159,4.0,0.5,80.0
15.179,4.0,0.5,80.0
15.183,4.0,0.5,80.0
15.189,4.0,0.5,80.0
15.199,4.0,0.5,80.0
15.209,4.0,0.5,80.0
15.219,4.0,0.5,80.0
15.239,4.0,0.5,80.0
15.242,4.0,0.5,80.0
15.249,4.0,0.5,80.0
15.259,4.0,0.5,80.0
15.269,4.0,0.5,80.0
15.279,4.0,0.5,80.0
15.299,4.0,0.5,80.0
15.303,4.0,0.5,80.0
15.309,4.0,0.5,80.0
15.319,4.0,0.5,80.0
15.329,4.0,0.5,80.0
15.339,4.0,0.5,80.0
15.359,4.0,0.5,80.0
15.362,4.0,0.5,80.0
15.369,4.0,0.5,80.0
15.379,4.0,0.5,80.0
15.389,4.0,0.5,80.0
15.399,4.0,0.5,80.0
15.419,4.0,0.5,80.0
15.422,4.0,0.5,80.0
15.429,4.0,0.5,80.0
15.439,4.0,0.5,80.0
15.449,4.0,0.5,80.0
15.459,4.0,0.5,80.0
15.479,4.0,0.5,80.0
15.483,4.0,0.5,80.0
15.489,4.0,0.5,80.0
15.499,4.0,0.5,80.0
15.509,4.0,0.5,80.0
15.519,4.0,0.5,80.0
15.539,4.0,0.5,80.0
15.543,4.0,0.5,80.0
15.549,4.0,0.5,80.0
15.559,4.0,0.5,80.0
15.569,4.0,0.5,80.0
15.579,4.0,0.5,80.0
15.599,4.0,0.5,80.0
15.603,4.0,0.5,80.0
15.609,4.0,0.5,80.0
15.619,4.0,0.5,80.0
15.629,4.0,0.5,80.0
15.639,4.0,0.5,80.0
15.659,4.0,0.5,80.0
15.663,4.0,0.5,80.0
15.669,4.0,0.5,80.0
15.679,4.0,0.5,80.0
15.689,4.0,0.5,80.0
15.699,4.0,0.5,80.0
15.719,4.0,0.5,80.0
15.723,4.0,0.5,80.0
15.729,4.0,0.5,80.0
15.739,4.0,0.5,80.0
15.75,4.0,0.5,80.0
15.759,4.0,0.5,80.0
15.779,4.0,0.5,80.0
15.782,4.0,0.5,80.0
15.789,4.0,0.5,80.0
15.799,4.0,0.5,80.0
15.809,4.0,0.5,80.0
15.819,4.0,0.5,80.0
15.839,4.0,0.5,80.0
15.843,4.0,0.5,80.0
15.849,4.0,0.5,80.0
15.859,4.0,0.5,80.0
15.869,4.0,0.5,80.0
15.879,4.0,0.5,80.0
15.898,4.0,0.5,80.0
15.903,4.0,0.5,80.0
15.909,4.0,0.5,80.0
15.919,4.0,0.5,80.0
15.929,4.0,0.5,80.0
15.939,4.0,0.5,80.0
15.959,4.0,0.5,80.0
15.963,4.0,0.5,80.0
15.969,4.0,0.5,80.0
15.979,4.0,0.5,80.0
15.989,4.0,0.5,80.0
15.999,4.0,0.5,80.0
16.019,4.0,0.5,80.0
16.023,4.0,0.5,80.0
16.029,4.0,0.5,80.0
16.039,4.0,0.5,80.0
16.049,4.0,0.5,80.0
16.059,4.0,0.5,80.0
16.079,4.0,0.5,80.0
16.082,4.0,0.5,80.0
16.089,4.0,0.5,80.0
16.099,4.0,0.5,80.0
16.109,4.0,0.5,80.0
16.119,4.0,0.5,80.0
16.139,4.0,0.5,80.0
16.143,4.0,0.5,80.0
16.149,4.0,0.5,80.0
16.159,4.0,0.5,80.0
16.169,4.0,0.5,80.0
16.179,4.0,0.5,80.0
16.198,4.0,0.5,80.0
16.203,4.0,0.5,80.0
16.209,4.0,0.5,80.0
16.219,4.0,0.5,80.0
16.229,4.0,0.5,80.0
16.239,4.0,0.5,80.0
16.259,4.0,0.5,80.0
16.262,4.0,0.5,80.0
16.269,4.0,0.5,80.0
16.279,4.0,0.5,80.0
16.289,4.0,0.5,80.0
16.299,4.0,0.5,80.0
16.319,4.0,0.5,80.0
16.323,4.0,0.5,80.0
16.329,4.0,0.5,80.0
16.339,4.0,0.5,80.0
16.349,4.0,0.5,80.0
16.359,4.0,0.5,80.0
16.378,4.0,0.5,80.0
16.382,4.0,0.5,80.0
16.389,4.0,0.5,80.0
16.399,4.0,0.5,80.0
16.409,4.0,0.5,80.0
16.419,4.0,0.5,80.0
16.439,4.0,0.5,80.0
16.443,4.0,0.5,80.0
16.449,4.0,0.5,80.0
16.459,4.0,0.5,80.0
16.469,4.0,0.5,80.0
16.479,4.0,0.5,80.0
16.498,4.0,0.5,80.0
16.503,4.0,0.5,80.0
16.509,4.0,0.5,80.0
16.519,4.0,0.5,80.0
16.529,4.0,0.5,80.0
16.539,4.0,0.5,80.0
16.558,4.0,0.5,80.0
16.562,4.0,0.5,80.0
16.569,4.0,0.5,80.0
16.579,4.0,0.5,80.0
16.589,4.0,0.5,80.0
16.599,4.0,0.5,80.0
16.619,4.0,0.5,80.0
16.622,4.0,0.5,80.0
16.629,4.0,0.5,80.0
16.639,4.0,0.5,80.0
16.649,4.0,0.5,80.0
16.659,4.0,0.5,80.0
16.678,4.0,0.5,80.0
16.682,4.0,0.5,80.0
16.689,4.0,0.5,80.0
16.699,4.0,0.5,80.0
16.709,4.0,0.5,80.0
16.719,4.0,0.5,80.0
16.739,4.0,0.5,80.0
16.743,4.0,0.5,80.0
16.75,4.0,0.5,80.0
16.759,4.0,0.5,80.0
16.769,4.0,0.5,80.0
16.779,4.0,0.5,80.0
16.798,4.0,0.5,80.0
16.803,4.0,0.5,80.0
16.809,4.0,0.5,80.0
16.819,4.0,0.5,80.0
16.829,4.0,0.5,80.0
16.839,4.0,0.5,80.0
16.858,4.0,0.5,80.0
16.862,4.0,0.5,80.0
16.869,4.0,0.5,80.0
16.879,4.0,0.5,80.0
16.889,4.0,0.5,80.0
16.899,4.0,0.5,80.0
16.919,4.0,0.5,80.0
16.923,4.0,0.5,80.0
16.929,4.0,0.5,80.0
16.939,4.0,0.5,80.0
16.949,4.0,0.5,80.0
16.959,4.0,0.5,80.0
16.978,4.0,0.5,80.0
16.982,4.0,0.5,80.0
16.989,4.0,0.5,80.0
16.999,4.0,0.5,80.0
17.009,4.0,0.5,80.0
17.019,4.0,0.5,80.0
17.039,4.0,0.5,80.0
17.043,4.0,0.5,80.0
17.049,4.0,0.5,80.0
17.059,4.0,0.5,80.0
17.069,4.0,0.5,80.0
17.079,4.0,0.5,80.0
17.098,4.0,0.5,80.0
17.103,4.0,0.5,80.0
17.109,4.0,0.5,80.0
17.119,4.0,0.5,80.0
17.129,4.0,0.5,80.0
17.139,4.0,0.5,80.0
17.159,4.0,0.5,80.0
17.163,4.0,0.5,80.0
17.169,4.0,0.5,80.0
17.179,4.0,0.5,80.0
17.189,4.0,0.5,80.0
